,"Total","11","75","77","78","91","92","93","94","95","21","22","23","24","25","26","31","41","42","43","52","53","54","72","73","74","82","01","07","26","38","42","69","73","74","83","91","93","04","05","06","13","83","84","94"
"Total",1244644182.1,x,85210854.7,x,x,x,4463782.5,5694282.1,x,4172961.8,3373872.9,4479982.5,2827995.3,4879436.1,x,x,7491260.8,14547955.7,4712101.2,x,7991818.7,6561406.5,x,x,12273026.5,2870270.7,19810888.4,1611936.8,1064846.5,1545419.7,3750076.0,1467528.6,4962496.8,1357714.5,4050869.5,664066.7,72699864.8,137432559.2,218536.7,223533.5,131997737.5,2762715.0,1419891.8,810144.7,x,
"C10",x,-,-,-,-,-,-,-,-,-,-,-,-,-,-,x,-,-,-,-,-,-,-,x,-,-,-,-,-,-,-,-,-,-,-,-,-,-,-,-,-,-,-,-,-,
"C103",x,-,-,-,-,-,-,-,-,-,-,-,-,-,-,x,-,-,-,-,-,-,-,x,-,-,-,-,-,-,-,-,-,-,-,-,-,-,-,-,-,-,-,-,-,
"C1030",x,-,-,-,-,-,-,-,-,-,-,-,-,-,-,x,-,-,-,-,-,-,-,x,-,-,-,-,-,-,-,-,-,-,-,-,-,-,-,-,-,-,-,-,-,
"C10300",x,-,-,-,-,-,-,-,-,-,-,-,-,-,-,x,-,-,-,-,-,-,-,x,-,-,-,-,-,-,-,-,-,-,-,-,-,-,-,-,-,-,-,-,-,
"C14",111921.5,x,x,x,-,-,-,x,-,-,x,-,-,-,-,38562.9,x,-,-,-,-,-,-,x,x,-,x,x,-,x,-,-,-,-,-,x,-,-,-,-,-,-,-,-,-,
"C140",x,x,x,-,-,-,-,x,-,-,-,-,-,-,-,-,-,-,-,-,-,-,-,-,-,-,-,-,-,-,-,-,-,-,-,-,-,-,-,-,-,-,-,-,-,
"C1400",x,x,x,-,-,-,-,x,-,-,-,-,-,-,-,-,-,-,-,-,-,-,-,-,-,-,-,-,-,-,-,-,-,-,-,-,-,-,-,-,-,-,-,-,-,
"C14000",x,x,x,-,-,-,-,x,-,-,-,-,-,-,-,-,-,-,-,-,-,-,-,-,-,-,-,-,-,-,-,-,-,-,-,-,-,-,-,-,-,-,-,-,-,
"C142",70865.8,x,-,x,-,-,-,-,-,-,x,-,-,-,-,28113.0,x,-,-,-,-,-,-,x,x,-,-,-,-,-,-,-,-,-,-,-,-,-,-,-,-,-,-,-,-,
"C1421",70865.8,x,-,x,-,-,-,-,-,-,x,-,-,-,-,28113.0,x,-,-,-,-,-,-,x,x,-,-,-,-,-,-,-,-,-,-,-,-,-,-,-,-,-,-,-,-,
"C14210",70865.8,x,-,x,-,-,-,-,-,-,x,-,-,-,-,28113.0,x,-,-,-,-,-,-,x,x,-,-,-,-,-,-,-,-,-,-,-,-,-,-,-,-,-,-,-,-,
"C145",x,x,x,-,-,-,-,x,-,-,-,-,-,-,-,10449.9,-,-,-,-,-,-,-,x,-,-,x,x,-,x,-,-,-,-,-,x,-,-,-,-,-,-,-,-,-,
"C1450",x,x,x,-,-,-,-,x,-,-,-,-,-,-,-,10449.9,-,-,-,-,-,-,-,x,-,-,x,x,-,x,-,-,-,-,-,x,-,-,-,-,-,-,-,-,-,
"C14500",x,x,x,-,-,-,-,x,-,-,-,-,-,-,-,10449.9,-,-,-,-,-,-,-,x,-,-,x,x,-,x,-,-,-,-,-,x,-,-,-,-,-,-,-,-,-,
"C15",x,x,x,1104518.6,1609104.1,980953.8,1495016.8,1927791.7,1472223.0,x,-,-,-,-,-,x,x,-,-,-,-,-,-,x,1676862.4,1264873.6,482926.6,77423.4,33871.2,42020.6,189342.0,30561.4,74117.3,11506.0,24084.7,-,9876.9,-,-,-,-,-,-,-,-,
"C150",507597.5,497720.6,140834.5,92861.8,25874.2,146355.4,61720.8,14914.7,12198.0,2961.2,-,-,-,-,-,-,-,-,-,-,-,-,-,-,-,-,-,-,-,-,-,-,-,-,-,-,9876.9,-,-,-,-,-,-,-,-,
"C1500",507597.5,497720.6,140834.5,92861.8,25874.2,146355.4,61720.8,14914.7,12198.0,2961.2,-,-,-,-,-,-,-,-,-,-,-,-,-,-,-,-,-,-,-,-,-,-,-,-,-,-,9876.9,-,-,-,-,-,-,-,-,
"C15000",507597.5,497720.6,140834.5,92861.8,25874.2,146355.4,61720.8,14914.7,12198.0,2961.2,-,-,-,-,-,-,-,-,-,-,-,-,-,-,-,-,-,-,-,-,-,-,-,-,-,-,9876.9,-,-,-,-,-,-,-,-,
"C151",6124926.9,2395322.0,606526.7,200440.6,347536.7,123666.8,244217.0,433945.2,219613.9,219375.1,-,-,-,-,-,1254807.8,-,-,-,-,-,-,-,2474797.1,-,-,-,-,-,-,-,-,-,-,-,-,-,-,-,-,-,-,-,-,-,
"C1511",2432717.2,962124.0,293756.0,42338.5,121701.6,71520.0,103625.9,205686.7,38122.3,85373.0,-,-,-,-,-,511253.4,-,-,-,-,-,-,-,959339.8,-,-,-,-,-,-,-,-,-,-,-,-,-,-,-,-,-,-,-,-,-,
"C15110",2432717.2,962124.0,293756.0,42338.5,121701.6,71520.0,103625.9,205686.7,38122.3,85373.0,-,-,-,-,-,511253.4,-,-,-,-,-,-,-,959339.8,-,-,-,-,-,-,-,-,-,-,-,-,-,-,-,-,-,-,-,-,-,
"C1512",1294115.2,459187.6,153607.7,34937.8,52756.2,20729.9,63993.0,34799.3,47819.2,50544.5,-,-,-,-,-,279571.8,-,-,-,-,-,-,-,555355.8,-,-,-,-,-,-,-,-,-,-,-,-,-,-,-,-,-,-,-,-,-,
"C15120",1294115.2,459187.6,153607.7,34937.8,52756.2,20729.9,63993.0,34799.3,47819.2,50544.5,-,-,-,-,-,279571.8,-,-,-,-,-,-,-,555355.8,-,-,-,-,-,-,-,-,-,-,-,-,-,-,-,-,-,-,-,-,-,
"C1513",2398094.5,974010.4,159163.0,123164.3,173078.9,31416.9,76598.1,193459.2,133672.4,83457.6,-,-,-,-,-,463982.6,-,-,-,-,-,-,-,960101.5,-,-,-,-,-,-,-,-,-,-,-,-,-,-,-,-,-,-,-,-,-,
"C15131",830365.1,321439.2,52001.2,3950.8,50518.5,10074.7,34601.0,83423.5,63832.1,23037.4,-,-,-,-,-,180464.3,-,-,-,-,-,-,-,328461.6,-,-,-,-,-,-,-,-,-,-,-,-,-,-,-,-,-,-,-,-,-,
"C15132",1567729.4,652571.2,107161.8,119213.5,122560.4,21342.2,41997.1,110035.7,69840.3,60420.2,-,-,-,-,-,283518.3,-,-,-,-,-,-,-,631639.9,-,-,-,-,-,-,-,-,-,-,-,-,-,-,-,-,-,-,-,-,-,
"C152",918336.7,377265.9,92617.1,46051.2,13623.5,22232.2,62297.5,60079.3,46774.8,33590.3,-,-,-,-,-,167287.1,-,-,-,-,-,-,-,373783.7,-,-,-,-,-,-,-,-,-,-,-,-,-,-,-,-,-,-,-,-,-,
"C1520",918336.7,377265.9,92617.1,46051.2,13623.5,22232.2,62297.5,60079.3,46774.8,33590.3,-,-,-,-,-,167287.1,-,-,-,-,-,-,-,373783.7,-,-,-,-,-,-,-,-,-,-,-,-,-,-,-,-,-,-,-,-,-,
"C15200",918336.7,377265.9,92617.1,46051.2,13623.5,22232.2,62297.5,60079.3,46774.8,33590.3,-,-,-,-,-,167287.1,-,-,-,-,-,-,-,373783.7,-,-,-,-,-,-,-,-,-,-,-,-,-,-,-,-,-,-,-,-,-,
"C153",2253857.1,934093.5,117203.8,79191.9,136629.0,54952.8,155999.7,237896.4,110888.6,41331.3,-,-,-,-,-,436751.0,-,-,-,-,-,-,-,883012.6,-,-,-,-,-,-,-,-,-,-,-,-,-,-,-,-,-,-,-,-,-,
"C1531",979514.5,398624.7,68193.9,21474.2,81359.3,40768.3,66544.5,71211.3,24163.7,24909.5,-,-,-,-,-,203892.8,-,-,-,-,-,-,-,376997.0,-,-,-,-,-,-,-,-,-,-,-,-,-,-,-,-,-,-,-,-,-,
"C15310",979514.5,398624.7,68193.9,21474.2,81359.3,40768.3,66544.5,71211.3,24163.7,24909.5,-,-,-,-,-,203892.8,-,-,-,-,-,-,-,376997.0,-,-,-,-,-,-,-,-,-,-,-,-,-,-,-,-,-,-,-,-,-,
"C1533",1274342.6,535468.8,49009.9,57717.7,55269.7,14184.5,89455.2,166685.1,86724.9,16421.8,-,-,-,-,-,232858.2,-,-,-,-,-,-,-,506015.6,-,-,-,-,-,-,-,-,-,-,-,-,-,-,-,-,-,-,-,-,-,
"C15330",1274342.6,535468.8,49009.9,57717.7,55269.7,14184.5,89455.2,166685.1,86724.9,16421.8,-,-,-,-,-,232858.2,-,-,-,-,-,-,-,506015.6,-,-,-,-,-,-,-,-,-,-,-,-,-,-,-,-,-,-,-,-,-,
"C154",61871606.5,x,x,46412.6,30219.1,11022.8,7328.2,42360.4,30746.6,x,-,-,-,-,-,x,-,-,-,-,-,-,-,368374.7,-,-,-,-,-,-,-,-,-,-,-,-,-,-,-,-,-,-,-,-,-,
"C1541",54737.0,x,-,-,x,x,x,x,-,x,-,-,-,-,-,x,-,-,-,-,-,-,-,22000.6,-,-,-,-,-,-,-,-,-,-,-,-,-,-,-,-,-,-,-,-,-,
"C15410",54737.0,x,-,-,x,x,x,x,-,x,-,-,-,-,-,x,-,-,-,-,-,-,-,22000.6,-,-,-,-,-,-,-,-,-,-,-,-,-,-,-,-,-,-,-,-,-,
"C1542",61444668.7,x,x,-,x,-,x,x,30746.6,x,-,-,-,-,-,x,-,-,-,-,-,-,-,192349.8,-,-,-,-,-,-,-,-,-,-,-,-,-,-,-,-,-,-,-,-,-,
"C15420",61444668.7,x,x,-,x,-,x,x,30746.6,x,-,-,-,-,-,x,-,-,-,-,-,-,-,192349.8,-,-,-,-,-,-,-,-,-,-,-,-,-,-,-,-,-,-,-,-,-,
"C1543",372200.8,137659.2,x,46412.6,-,x,-,x,-,x,-,-,-,-,-,80517.3,-,-,-,-,-,-,-,154024.3,-,-,-,-,-,-,-,-,-,-,-,-,-,-,-,-,-,-,-,-,-,
"C15430",372200.8,137659.2,x,46412.6,-,x,-,x,-,x,-,-,-,-,-,80517.3,-,-,-,-,-,-,-,154024.3,-,-,-,-,-,-,-,-,-,-,-,-,-,-,-,-,-,-,-,-,-,
"C155",x,1437200.2,378452.1,138698.1,288873.5,124679.5,228604.2,91008.1,94225.6,92659.1,-,-,-,-,-,231497.8,610726.3,-,-,-,-,-,-,x,-,-,-,-,-,-,-,-,-,-,-,-,-,-,-,-,-,-,-,-,-,
"C1551",x,1393926.2,368801.5,120064.4,288873.5,124679.5,x,x,x,92659.1,-,-,-,-,-,231497.8,586168.5,-,-,-,-,-,-,x,-,-,-,-,-,-,-,-,-,-,-,-,-,-,-,-,-,-,-,-,-,
"C15510",x,1393926.2,368801.5,120064.4,288873.5,124679.5,x,x,x,92659.1,-,-,-,-,-,231497.8,586168.5,-,-,-,-,-,-,x,-,-,-,-,-,-,-,-,-,-,-,-,-,-,-,-,-,-,-,-,-,
"C1552",116963.6,43274.0,9650.6,18633.7,-,-,x,x,x,-,-,-,-,-,-,-,24557.8,-,-,-,-,-,-,49131.8,-,-,-,-,-,-,-,-,-,-,-,-,-,-,-,-,-,-,-,-,-,
"C15520",116963.6,43274.0,9650.6,18633.7,-,-,x,x,x,-,-,-,-,-,-,-,24557.8,-,-,-,-,-,-,49131.8,-,-,-,-,-,-,-,-,-,-,-,-,-,-,-,-,-,-,-,-,-,
"C156",1117408.1,457347.2,124394.6,26549.0,88806.6,47339.0,18867.2,49941.0,95824.7,5625.1,-,-,-,-,-,-,231563.0,-,-,-,-,-,-,212852.4,215645.5,-,-,-,-,-,-,-,-,-,-,-,-,-,-,-,-,-,-,-,-,
"C1561",298741.9,124529.4,49321.8,6498.2,17317.6,1026.8,8734.0,27779.6,8226.3,5625.1,-,-,-,-,-,-,58265.1,-,-,-,-,-,-,59842.5,56104.9,-,-,-,-,-,-,-,-,-,-,-,-,-,-,-,-,-,-,-,-,
"C15610",298741.9,124529.4,49321.8,6498.2,17317.6,1026.8,8734.0,27779.6,8226.3,5625.1,-,-,-,-,-,-,58265.1,-,-,-,-,-,-,59842.5,56104.9,-,-,-,-,-,-,-,-,-,-,-,-,-,-,-,-,-,-,-,-,
"C1562",818666.2,332817.8,75072.8,20050.8,71489.0,46312.2,10133.2,22161.4,87598.4,-,-,-,-,-,-,-,173297.9,-,-,-,-,-,-,153009.9,159540.6,-,-,-,-,-,-,-,-,-,-,-,-,-,-,-,-,-,-,-,-,
"C15620",818666.2,332817.8,75072.8,20050.8,71489.0,46312.2,10133.2,22161.4,87598.4,-,-,-,-,-,-,-,173297.9,-,-,-,-,-,-,153009.9,159540.6,-,-,-,-,-,-,-,-,-,-,-,-,-,-,-,-,-,-,-,-,
"C157",2652213.2,1056824.4,274785.6,95624.7,148773.9,70026.7,156947.2,123212.4,144391.7,43062.2,-,-,-,-,-,-,540304.4,-,-,-,-,-,-,521398.4,533686.0,-,-,-,-,-,-,-,-,-,-,-,-,-,-,-,-,-,-,-,-,
"C1571",2392574.8,963761.7,245910.0,95624.7,x,62350.9,127560.8,x,136982.7,x,-,-,-,-,-,-,483506.6,-,-,-,-,-,-,459283.7,486022.8,-,-,-,-,-,-,-,-,-,-,-,-,-,-,-,-,-,-,-,-,
"C15710",2392574.8,963761.7,245910.0,95624.7,x,62350.9,127560.8,x,136982.7,x,-,-,-,-,-,-,483506.6,-,-,-,-,-,-,459283.7,486022.8,-,-,-,-,-,-,-,-,-,-,-,-,-,-,-,-,-,-,-,-,
"C1572",259638.4,93062.7,28875.6,-,x,7675.8,29386.4,x,7409.0,x,-,-,-,-,-,-,56797.8,-,-,-,-,-,-,62114.7,47663.2,-,-,-,-,-,-,-,-,-,-,-,-,-,-,-,-,-,-,-,-,
"C15720",259638.4,93062.7,28875.6,-,x,7675.8,29386.4,x,7409.0,x,-,-,-,-,-,-,56797.8,-,-,-,-,-,-,62114.7,47663.2,-,-,-,-,-,-,-,-,-,-,-,-,-,-,-,-,-,-,-,-,
"C158",10363235.0,4110398.5,1009912.4,295227.5,336066.5,306551.1,368540.8,749071.8,667854.9,377173.5,-,-,-,-,-,-,2090703.4,-,-,-,-,-,-,2054789.5,927530.9,1179812.7,-,-,-,-,-,-,-,-,-,-,-,-,-,-,-,-,-,-,-,
"C1581",3307730.5,1277087.6,288229.7,119619.6,138056.1,72913.2,166068.9,239106.8,143182.8,109910.5,-,-,-,-,-,-,694225.4,-,-,-,-,-,-,688432.8,647984.7,-,-,-,-,-,-,-,-,-,-,-,-,-,-,-,-,-,-,-,-,
"C15810",3307730.5,1277087.6,288229.7,119619.6,138056.1,72913.2,166068.9,239106.8,143182.8,109910.5,-,-,-,-,-,-,694225.4,-,-,-,-,-,-,688432.8,647984.7,-,-,-,-,-,-,-,-,-,-,-,-,-,-,-,-,-,-,-,-,
"C1582",1708098.9,664963.1,179138.8,76025.7,42904.2,60553.8,71933.3,99363.2,80040.2,55003.9,-,-,-,-,-,-,355563.2,-,-,-,-,-,-,345440.9,279546.2,62585.5,-,-,-,-,-,-,-,-,-,-,-,-,-,-,-,-,-,-,-,
"C15820",1708098.9,664963.1,179138.8,76025.7,42904.2,60553.8,71933.3,99363.2,80040.2,55003.9,-,-,-,-,-,-,355563.2,-,-,-,-,-,-,345440.9,279546.2,62585.5,-,-,-,-,-,-,-,-,-,-,-,-,-,-,-,-,-,-,-,
"C1583",646635.7,278990.0,x,x,x,22580.8,-,58242.8,88701.8,43379.9,-,-,-,-,-,-,118440.6,-,-,-,-,-,-,106003.8,-,143201.3,-,-,-,-,-,-,-,-,-,-,-,-,-,-,-,-,-,-,-,
"C15830",646635.7,278990.0,x,x,x,22580.8,-,58242.8,88701.8,43379.9,-,-,-,-,-,-,118440.6,-,-,-,-,-,-,106003.8,-,143201.3,-,-,-,-,-,-,-,-,-,-,-,-,-,-,-,-,-,-,-,
"C1584",1981136.1,797417.8,153624.4,27720.8,58019.0,93428.8,57451.9,275512.9,84064.5,47595.5,-,-,-,-,-,-,396658.2,-,-,-,-,-,-,386685.7,-,400374.4,-,-,-,-,-,-,-,-,-,-,-,-,-,-,-,-,-,-,-,
"C15841",358062.3,153879.0,32511.6,-,10588.6,46021.8,x,49709.0,-,x,-,-,-,-,-,-,64770.2,-,-,-,-,-,-,62397.7,-,77015.4,-,-,-,-,-,-,-,-,-,-,-,-,-,-,-,-,-,-,-,
"C15842",1623073.8,643538.8,121112.8,27720.8,47430.4,47407.0,x,225803.9,84064.5,x,-,-,-,-,-,-,331888.0,-,-,-,-,-,-,324288.0,-,323359.0,-,-,-,-,-,-,-,-,-,-,-,-,-,-,-,-,-,-,-,
"C1586",919775.3,380306.3,193798.5,7533.2,23584.5,4611.7,9576.6,6623.2,116610.0,17968.6,-,-,-,-,-,-,150285.5,-,-,-,-,-,-,147656.6,-,241526.9,-,-,-,-,-,-,-,-,-,-,-,-,-,-,-,-,-,-,-,
"C15860",919775.3,380306.3,193798.5,7533.2,23584.5,4611.7,9576.6,6623.2,116610.0,17968.6,-,-,-,-,-,-,150285.5,-,-,-,-,-,-,147656.6,-,241526.9,-,-,-,-,-,-,-,-,-,-,-,-,-,-,-,-,-,-,-,
"C1587",516304.3,202766.9,42570.2,10102.5,4284.8,9248.2,27091.9,27523.7,67590.6,14355.0,-,-,-,-,-,-,111513.2,-,-,-,-,-,-,112898.3,-,89125.9,-,-,-,-,-,-,-,-,-,-,-,-,-,-,-,-,-,-,-,
"C15870",516304.3,202766.9,42570.2,10102.5,4284.8,9248.2,27091.9,27523.7,67590.6,14355.0,-,-,-,-,-,-,111513.2,-,-,-,-,-,-,112898.3,-,89125.9,-,-,-,-,-,-,-,-,-,-,-,-,-,-,-,-,-,-,-,
"C1588",102009.4,40070.8,x,x,x,11850.3,-,-,-,11394.9,-,-,-,-,-,-,21050.5,-,-,-,-,-,-,20245.5,-,20642.6,-,-,-,-,-,-,-,-,-,-,-,-,-,-,-,-,-,-,-,
"C15880",102009.4,40070.8,x,x,x,11850.3,-,-,-,11394.9,-,-,-,-,-,-,21050.5,-,-,-,-,-,-,20245.5,-,20642.6,-,-,-,-,-,-,-,-,-,-,-,-,-,-,-,-,-,-,-,
"C1589",1181544.8,468796.0,97714.7,48075.6,47293.8,31364.3,36418.2,42699.2,87665.0,77565.2,-,-,-,-,-,-,242966.8,-,-,-,-,-,-,247425.9,-,222356.1,-,-,-,-,-,-,-,-,-,-,-,-,-,-,-,-,-,-,-,
"C15891",376579.8,148433.0,54572.7,x,21795.8,x,23452.2,8846.8,8729.6,-,-,-,-,-,-,-,76285.2,-,-,-,-,-,-,80012.1,-,71849.5,-,-,-,-,-,-,-,-,-,-,-,-,-,-,-,-,-,-,-,
"C15892",804965.0,320363.0,43142.0,x,25498.0,x,12966.0,33852.4,78935.4,77565.2,-,-,-,-,-,-,166681.6,-,-,-,-,-,-,167413.8,-,150506.6,-,-,-,-,-,-,-,-,-,-,-,-,-,-,-,-,-,-,-,
"C159",x,x,x,83461.2,192701.1,74127.5,190494.2,125362.4,49704.2,80122.1,-,-,-,-,-,-,x,-,-,-,-,-,-,533732.1,-,85060.9,482926.6,77423.4,33871.2,42020.6,189342.0,30561.4,74117.3,11506.0,24084.7,-,-,-,-,-,-,-,-,-,-,
"C1591",225279.2,92079.2,x,x,x,-,8876.8,x,x,x,-,-,-,-,-,-,45121.2,-,-,-,-,-,-,41025.1,-,47053.7,-,-,-,-,-,-,-,-,-,-,-,-,-,-,-,-,-,-,-,
"C15910",225279.2,92079.2,x,x,x,-,8876.8,x,x,x,-,-,-,-,-,-,45121.2,-,-,-,-,-,-,41025.1,-,47053.7,-,-,-,-,-,-,-,-,-,-,-,-,-,-,-,-,-,-,-,
"C1592",31235.6,12170.4,-,x,x,x,-,x,-,-,-,-,-,-,-,-,6338.2,-,-,-,-,-,-,6287.6,-,6439.4,-,-,-,-,-,-,-,-,-,-,-,-,-,-,-,-,-,-,-,
"C15920",31235.6,12170.4,-,x,x,x,-,x,-,-,-,-,-,-,-,-,6338.2,-,-,-,-,-,-,6287.6,-,6439.4,-,-,-,-,-,-,-,-,-,-,-,-,-,-,-,-,-,-,-,
"C1594",8685.6,x,-,-,-,-,x,-,-,-,-,-,-,-,-,-,x,-,-,-,-,-,-,x,-,x,-,-,-,-,-,-,-,-,-,-,-,-,-,-,-,-,-,-,-,
"C15940",8685.6,x,-,-,-,-,x,-,-,-,-,-,-,-,-,-,x,-,-,-,-,-,-,x,-,x,-,-,-,-,-,-,-,-,-,-,-,-,-,-,-,-,-,-,-,
"C1596",x,x,x,x,121068.3,x,x,x,x,57366.9,-,-,-,-,-,-,355994.2,-,-,-,-,-,-,x,-,x,x,x,x,42020.6,166157.7,x,36437.6,x,4407.2,-,-,-,-,-,-,-,-,-,-,
"C15960",x,x,x,x,121068.3,x,x,x,x,57366.9,-,-,-,-,-,-,355994.2,-,-,-,-,-,-,x,-,x,x,x,x,42020.6,166157.7,x,36437.6,x,4407.2,-,-,-,-,-,-,-,-,-,-,
"C1597",9450.0,x,-,x,-,-,x,x,-,-,-,-,-,-,-,-,x,-,-,-,-,-,-,x,-,-,x,-,-,-,x,x,-,-,-,-,-,-,-,-,-,-,-,-,-,
"C15970",9450.0,x,-,x,-,-,x,x,-,-,-,-,-,-,-,-,x,-,-,-,-,-,-,x,-,-,x,-,-,-,x,x,-,-,-,-,-,-,-,-,-,-,-,-,-,
"C1598",641883.9,252066.3,x,59251.8,57182.6,17310.2,16660.6,36530.2,x,x,-,-,-,-,-,-,127382.0,-,-,-,-,-,-,131188.5,-,-,131247.1,x,x,-,x,x,37679.7,x,19677.5,-,-,-,-,-,-,-,-,-,-,
"C15980",641883.9,252066.3,x,59251.8,57182.6,17310.2,16660.6,36530.2,x,x,-,-,-,-,-,-,127382.0,-,-,-,-,-,-,131188.5,-,-,131247.1,x,x,-,x,x,37679.7,x,19677.5,-,-,-,-,-,-,-,-,-,-,
"C16",1630666.6,678957.7,375305.9,64583.3,38176.5,11945.0,56539.8,30346.6,34941.8,67118.8,-,-,-,-,-,-,309677.9,-,-,-,-,-,-,298569.5,-,-,343461.5,-,x,x,95901.3,x,x,102361.6,74562.9,-,-,-,-,-,-,-,-,-,-,
"C160",1630666.6,678957.7,375305.9,64583.3,38176.5,11945.0,56539.8,30346.6,34941.8,67118.8,-,-,-,-,-,-,309677.9,-,-,-,-,-,-,298569.5,-,-,343461.5,-,x,x,95901.3,x,x,102361.6,74562.9,-,-,-,-,-,-,-,-,-,-,
"C1600",1630666.6,678957.7,375305.9,64583.3,38176.5,11945.0,56539.8,30346.6,34941.8,67118.8,-,-,-,-,-,-,309677.9,-,-,-,-,-,-,298569.5,-,-,343461.5,-,x,x,95901.3,x,x,102361.6,74562.9,-,-,-,-,-,-,-,-,-,-,
"C16000",1630666.6,678957.7,375305.9,64583.3,38176.5,11945.0,56539.8,30346.6,34941.8,67118.8,-,-,-,-,-,-,309677.9,-,-,-,-,-,-,298569.5,-,-,343461.5,-,x,x,95901.3,x,x,102361.6,74562.9,-,-,-,-,-,-,-,-,-,-,
"C17",5183259.3,2157048.4,550213.0,216802.3,264289.2,213372.9,266195.6,395434.9,125691.5,125049.0,-,-,-,-,-,-,663498.1,349464.6,-,-,-,-,-,918612.1,-,-,1094636.1,101676.6,25888.5,93152.5,316151.5,103638.2,330811.1,34597.2,88720.5,-,-,-,-,-,-,-,-,-,-,
"C170",44699.0,44699.0,x,x,-,-,x,27654.8,-,x,-,-,-,-,-,-,-,-,-,-,-,-,-,-,-,-,-,-,-,-,-,-,-,-,-,-,-,-,-,-,-,-,-,-,-,
"C1700",44699.0,44699.0,x,x,-,-,x,27654.8,-,x,-,-,-,-,-,-,-,-,-,-,-,-,-,-,-,-,-,-,-,-,-,-,-,-,-,-,-,-,-,-,-,-,-,-,-,
"C17000",44699.0,44699.0,x,x,-,-,x,27654.8,-,x,-,-,-,-,-,-,-,-,-,-,-,-,-,-,-,-,-,-,-,-,-,-,-,-,-,-,-,-,-,-,-,-,-,-,-,
"C171",318456.5,125809.0,x,16389.7,11904.4,x,19736.2,x,x,x,-,-,-,-,-,-,64596.9,-,-,-,-,-,-,54419.5,-,-,73631.1,2486.2,x,x,x,x,x,-,x,-,-,-,-,-,-,-,-,-,-,
"C1711",140394.6,61388.6,6079.3,16389.7,3643.4,x,x,x,1885.4,x,-,-,-,-,-,-,29370.0,-,-,-,-,-,-,x,-,-,x,x,x,x,4769.6,x,x,-,-,-,-,-,-,-,-,-,-,-,-,
"C17110",140394.6,61388.6,6079.3,16389.7,3643.4,x,x,x,1885.4,x,-,-,-,-,-,-,29370.0,-,-,-,-,-,-,x,-,-,x,x,x,x,4769.6,x,x,-,-,-,-,-,-,-,-,-,-,-,-,
"C1712",44006.6,22050.6,x,-,8261.0,-,x,x,-,-,-,-,-,-,-,-,x,-,-,-,-,-,-,x,-,-,x,-,x,-,x,-,x,-,-,-,-,-,-,-,-,-,-,-,-,
"C17120",44006.6,22050.6,x,-,8261.0,-,x,x,-,-,-,-,-,-,-,-,x,-,-,-,-,-,-,x,-,-,x,-,x,-,x,-,x,-,-,-,-,-,-,-,-,-,-,-,-,
"C1713",x,x,-,-,-,x,-,x,-,x,-,-,-,-,-,-,x,-,-,-,-,-,-,x,-,-,x,-,-,-,x,-,-,-,x,-,-,-,-,-,-,-,-,-,-,
"C17130",x,x,-,-,-,x,-,x,-,x,-,-,-,-,-,-,x,-,-,-,-,-,-,x,-,-,x,-,-,-,x,-,-,-,x,-,-,-,-,-,-,-,-,-,-,
"C1715",112035.5,x,x,-,-,x,-,x,x,-,-,-,-,-,-,-,26402.7,-,-,-,-,-,-,25342.6,-,-,x,-,-,-,x,x,x,-,x,-,-,-,-,-,-,-,-,-,-,
"C17150",112035.5,x,x,-,-,x,-,x,x,-,-,-,-,-,-,-,26402.7,-,-,-,-,-,-,25342.6,-,-,x,-,-,-,x,x,x,-,x,-,-,-,-,-,-,-,-,-,-,
"C1716",x,x,x,-,-,-,-,-,-,-,-,-,-,-,-,-,-,-,-,-,-,-,-,-,-,-,x,x,-,-,-,-,-,-,-,-,-,-,-,-,-,-,-,-,-,
"C17160",x,x,x,-,-,-,-,-,-,-,-,-,-,-,-,-,-,-,-,-,-,-,-,-,-,-,x,x,-,-,-,-,-,-,-,-,-,-,-,-,-,-,-,-,-,
"C172",1040956.7,446786.2,102798.9,39103.9,69862.9,36491.4,25166.9,112707.1,30203.8,30451.3,-,-,-,-,-,-,196173.3,-,-,-,-,-,-,174779.6,-,-,223217.6,44257.2,-,11522.5,58223.0,18394.2,47253.0,4412.1,39155.6,-,-,-,-,-,-,-,-,-,-,
"C1721",719757.6,x,x,x,x,9596.4,x,x,x,x,-,-,-,-,-,-,132830.5,-,-,-,-,-,-,117833.1,-,-,x,x,-,11522.5,x,x,x,4412.1,x,-,-,-,-,-,-,-,-,-,-,
"C17210",719757.6,x,x,x,x,9596.4,x,x,x,x,-,-,-,-,-,-,132830.5,-,-,-,-,-,-,117833.1,-,-,x,x,-,11522.5,x,x,x,4412.1,x,-,-,-,-,-,-,-,-,-,-,
"C1722",195589.9,77652.3,36006.3,x,-,26895.0,-,x,x,x,-,-,-,-,-,-,40086.2,-,-,-,-,-,-,36847.8,-,-,41003.6,x,-,-,-,x,27871.8,-,x,-,-,-,-,-,-,-,-,-,-,
"C17220",195589.9,77652.3,36006.3,x,-,26895.0,-,x,x,x,-,-,-,-,-,-,40086.2,-,-,-,-,-,-,36847.8,-,-,41003.6,x,-,-,-,x,27871.8,-,x,-,-,-,-,-,-,-,-,-,-,
"C1723",58364.0,26532.3,10269.9,-,x,-,-,x,x,-,-,-,-,-,-,-,10536.2,-,-,-,-,-,-,x,-,-,x,-,-,-,-,-,x,-,x,-,-,-,-,-,-,-,-,-,-,
"C17230",58364.0,26532.3,10269.9,-,x,-,-,x,x,-,-,-,-,-,-,-,10536.2,-,-,-,-,-,-,x,-,-,x,-,-,-,-,-,x,-,x,-,-,-,-,-,-,-,-,-,-,
"C1724",31303.8,x,-,-,x,-,x,-,-,-,-,-,-,-,-,-,x,-,-,-,-,-,-,x,-,-,x,-,-,-,-,-,-,-,x,-,-,-,-,-,-,-,-,-,-,
"C17240",31303.8,x,-,-,x,-,x,-,-,-,-,-,-,-,-,-,x,-,-,-,-,-,-,x,-,-,x,-,-,-,-,-,-,-,x,-,-,-,-,-,-,-,-,-,-,
"C1725",35941.4,14852.2,x,x,-,-,-,-,x,x,-,-,-,-,-,-,x,-,-,-,-,-,-,x,-,-,x,-,-,-,x,-,x,-,-,-,-,-,-,-,-,-,-,-,-,
"C17250",35941.4,14852.2,x,x,-,-,-,-,x,x,-,-,-,-,-,-,x,-,-,-,-,-,-,x,-,-,x,-,-,-,x,-,x,-,-,-,-,-,-,-,-,-,-,-,-,
"C173",847335.7,352806.5,129310.4,72999.3,27631.3,32781.1,48839.6,31202.2,5791.6,4251.0,-,-,-,-,-,-,167321.5,-,-,-,-,-,-,148082.8,-,-,179124.9,6699.0,-,-,61062.5,13913.1,79679.2,6612.7,11158.4,-,-,-,-,-,-,-,-,-,-,
"C1730",847335.7,352806.5,129310.4,72999.3,27631.3,32781.1,48839.6,31202.2,5791.6,4251.0,-,-,-,-,-,-,167321.5,-,-,-,-,-,-,148082.8,-,-,179124.9,6699.0,-,-,61062.5,13913.1,79679.2,6612.7,11158.4,-,-,-,-,-,-,-,-,-,-,
"C17300",847335.7,352806.5,129310.4,72999.3,27631.3,32781.1,48839.6,31202.2,5791.6,4251.0,-,-,-,-,-,-,167321.5,-,-,-,-,-,-,148082.8,-,-,179124.9,6699.0,-,-,61062.5,13913.1,79679.2,6612.7,11158.4,-,-,-,-,-,-,-,-,-,-,
"C174",807593.5,299845.1,66119.4,17578.0,44699.1,33841.3,74157.3,38062.4,13014.9,12372.7,-,-,-,-,-,-,169543.9,-,-,-,-,-,-,172701.5,-,-,165503.0,11127.6,x,x,46755.5,33944.9,33372.1,x,12909.6,-,-,-,-,-,-,-,-,-,-,
"C1740",807593.5,299845.1,66119.4,17578.0,44699.1,33841.3,74157.3,38062.4,13014.9,12372.7,-,-,-,-,-,-,169543.9,-,-,-,-,-,-,172701.5,-,-,165503.0,11127.6,x,x,46755.5,33944.9,33372.1,x,12909.6,-,-,-,-,-,-,-,-,-,-,
"C17400",807593.5,299845.1,66119.4,17578.0,44699.1,33841.3,74157.3,38062.4,13014.9,12372.7,-,-,-,-,-,-,169543.9,-,-,-,-,-,-,172701.5,-,-,165503.0,11127.6,x,x,46755.5,33944.9,33372.1,x,12909.6,-,-,-,-,-,-,-,-,-,-,
"C175",1348484.2,561157.1,121728.2,31182.8,72500.6,44980.5,81642.2,116232.1,36589.4,56301.3,-,-,-,-,-,-,65862.5,193328.2,-,-,-,-,-,243224.1,-,-,284912.3,26576.2,8456.7,45734.6,78827.7,15636.9,91577.2,1704.2,16398.8,-,-,-,-,-,-,-,-,-,-,
"C1751",753880.5,310530.7,59282.3,24600.4,39340.4,20548.0,47547.6,80048.1,15348.9,23815.0,-,-,-,-,-,-,65862.5,80927.2,-,-,-,-,-,138964.0,-,-,157596.1,26576.2,x,x,x,x,53290.6,x,x,-,-,-,-,-,-,-,-,-,-,
"C17510",753880.5,310530.7,59282.3,24600.4,39340.4,20548.0,47547.6,80048.1,15348.9,23815.0,-,-,-,-,-,-,65862.5,80927.2,-,-,-,-,-,138964.0,-,-,157596.1,26576.2,x,x,x,x,53290.6,x,x,-,-,-,-,-,-,-,-,-,-,
"C1752",119628.5,57306.2,2713.2,1907.4,x,x,x,25253.3,11888.3,-,-,-,-,-,-,-,-,15863.9,-,-,-,-,-,17056.3,-,-,29402.1,-,-,x,1378.7,x,14404.5,x,9497.4,-,-,-,-,-,-,-,-,-,-,
"C17520",119628.5,57306.2,2713.2,1907.4,x,x,x,25253.3,11888.3,-,-,-,-,-,-,-,-,15863.9,-,-,-,-,-,17056.3,-,-,29402.1,-,-,x,1378.7,x,14404.5,x,9497.4,-,-,-,-,-,-,-,-,-,-,
"C1753",329167.9,136240.1,49965.8,-,28715.7,x,x,-,-,x,-,-,-,-,-,-,-,65607.3,-,-,-,-,-,58909.5,-,-,68411.0,-,x,x,x,x,8586.6,-,-,-,-,-,-,-,-,-,-,-,-,
"C17530",329167.9,136240.1,49965.8,-,28715.7,x,x,-,-,x,-,-,-,-,-,-,-,65607.3,-,-,-,-,-,58909.5,-,-,68411.0,-,x,x,x,x,8586.6,-,-,-,-,-,-,-,-,-,-,-,-,
"C1754",145807.3,57080.1,9766.9,4675.0,x,x,x,10930.7,9352.2,x,-,-,-,-,-,-,-,30929.8,-,-,-,-,-,28294.3,-,-,29503.1,-,x,x,x,2745.6,15295.5,-,x,-,-,-,-,-,-,-,-,-,-,
"C17540",145807.3,57080.1,9766.9,4675.0,x,x,x,10930.7,9352.2,x,-,-,-,-,-,-,-,30929.8,-,-,-,-,-,28294.3,-,-,29503.1,-,x,x,x,2745.6,15295.5,-,x,-,-,-,-,-,-,-,-,-,-,
"C176",146703.9,60422.8,11907.5,12471.3,-,x,x,x,-,x,-,-,-,-,-,-,-,30576.5,-,-,-,-,-,25652.0,-,-,30052.6,-,-,x,x,x,16725.0,-,-,-,-,-,-,-,-,-,-,-,-,
"C1760",146703.9,60422.8,11907.5,12471.3,-,x,x,x,-,x,-,-,-,-,-,-,-,30576.5,-,-,-,-,-,25652.0,-,-,30052.6,-,-,x,x,x,16725.0,-,-,-,-,-,-,-,-,-,-,-,-,
"C17600",146703.9,60422.8,11907.5,12471.3,-,x,x,x,-,x,-,-,-,-,-,-,-,30576.5,-,-,-,-,-,25652.0,-,-,30052.6,-,-,x,x,x,16725.0,-,-,-,-,-,-,-,-,-,-,-,-,
"C177",629029.8,265522.7,93417.7,x,37690.9,24601.6,x,43504.9,x,x,-,-,-,-,-,-,-,125559.9,-,-,-,-,-,99752.6,-,-,138194.6,10530.4,x,17095.2,51581.8,10421.7,x,x,x,-,-,-,-,-,-,-,-,-,-,
"C1771",100067.2,42283.3,3985.8,14833.0,8903.9,7165.5,3438.4,3956.7,-,-,-,-,-,-,-,-,-,19434.5,-,-,-,-,-,15046.4,-,-,23303.0,x,x,-,7986.6,-,x,-,-,-,-,-,-,-,-,-,-,-,-,
"C17710",100067.2,42283.3,3985.8,14833.0,8903.9,7165.5,3438.4,3956.7,-,-,-,-,-,-,-,-,-,19434.5,-,-,-,-,-,15046.4,-,-,23303.0,x,x,-,7986.6,-,x,-,-,-,-,-,-,-,-,-,-,-,-,
"C1772",528962.6,223239.4,89431.9,x,28787.0,17436.1,x,39548.2,x,x,-,-,-,-,-,-,-,106125.4,-,-,-,-,-,84706.2,-,-,114891.6,x,x,17095.2,43595.2,10421.7,x,x,x,-,-,-,-,-,-,-,-,-,-,
"C17720",528962.6,223239.4,89431.9,x,28787.0,17436.1,x,39548.2,x,x,-,-,-,-,-,-,-,106125.4,-,-,-,-,-,84706.2,-,-,114891.6,x,x,17095.2,43595.2,10421.7,x,x,x,-,-,-,-,-,-,-,-,-,-,
"C18",1754609.0,757585.6,197737.4,69055.0,82206.1,42281.6,84021.7,105580.3,84984.4,91719.1,-,-,-,-,-,-,-,310749.7,-,-,-,-,-,x,-,-,x,19046.5,26689.2,46165.2,x,26874.0,110754.4,29598.1,64918.0,-,-,-,-,-,-,-,-,-,-,
"C180",9050.1,9050.1,x,2153.0,x,x,1727.5,-,-,-,-,-,-,-,-,-,-,-,-,-,-,-,-,-,-,-,-,-,-,-,-,-,-,-,-,-,-,-,-,-,-,-,-,-,-,
"C1800",9050.1,9050.1,x,2153.0,x,x,1727.5,-,-,-,-,-,-,-,-,-,-,-,-,-,-,-,-,-,-,-,-,-,-,-,-,-,-,-,-,-,-,-,-,-,-,-,-,-,-,
"C18000",9050.1,9050.1,x,2153.0,x,x,1727.5,-,-,-,-,-,-,-,-,-,-,-,-,-,-,-,-,-,-,-,-,-,-,-,-,-,-,-,-,-,-,-,-,-,-,-,-,-,-,
"C181",9103.6,x,x,-,-,-,-,-,x,-,-,-,-,-,-,-,-,x,-,-,-,-,-,x,-,-,x,-,-,-,x,-,-,-,-,-,-,-,-,-,-,-,-,-,-,
"C1810",9103.6,x,x,-,-,-,-,-,x,-,-,-,-,-,-,-,-,x,-,-,-,-,-,x,-,-,x,-,-,-,x,-,-,-,-,-,-,-,-,-,-,-,-,-,-,
"C18100",9103.6,x,x,-,-,-,-,-,x,-,-,-,-,-,-,-,-,x,-,-,-,-,-,x,-,-,x,-,-,-,x,-,-,-,-,-,-,-,-,-,-,-,-,-,-,
"C182",1736455.3,x,x,66902.0,x,x,82294.2,105580.3,x,91719.1,-,-,-,-,-,-,-,x,-,-,-,-,-,x,-,-,x,19046.5,26689.2,46165.2,x,26874.0,110754.4,29598.1,64918.0,-,-,-,-,-,-,-,-,-,-,
"C1820",x,x,-,-,-,-,-,-,x,-,-,-,-,-,-,-,-,-,-,-,-,-,-,-,-,-,-,-,-,-,-,-,-,-,-,-,-,-,-,-,-,-,-,-,-,
"C18200",x,x,-,-,-,-,-,-,x,-,-,-,-,-,-,-,-,-,-,-,-,-,-,-,-,-,-,-,-,-,-,-,-,-,-,-,-,-,-,-,-,-,-,-,-,
"C1821",281414.2,113344.6,34885.5,6294.2,1665.1,10249.5,7400.8,2666.4,36994.1,13189.0,-,-,-,-,-,-,-,59533.5,-,-,-,-,-,49127.8,-,-,59408.3,-,-,11990.0,x,x,28349.8,x,10241.0,-,-,-,-,-,-,-,-,-,-,
"C18210",281414.2,113344.6,34885.5,6294.2,1665.1,10249.5,7400.8,2666.4,36994.1,13189.0,-,-,-,-,-,-,-,59533.5,-,-,-,-,-,49127.8,-,-,59408.3,-,-,11990.0,x,x,28349.8,x,10241.0,-,-,-,-,-,-,-,-,-,-,
"C1822",1039522.6,446889.7,93581.8,44372.1,60091.6,28461.9,62468.1,68776.4,29389.5,59748.3,-,-,-,-,-,-,-,182572.5,-,-,-,-,-,179582.9,-,-,230477.5,19046.5,x,28804.8,38509.6,x,52695.9,x,27829.4,-,-,-,-,-,-,-,-,-,-,
"C18220",1039522.6,446889.7,93581.8,44372.1,60091.6,28461.9,62468.1,68776.4,29389.5,59748.3,-,-,-,-,-,-,-,182572.5,-,-,-,-,-,179582.9,-,-,230477.5,19046.5,x,28804.8,38509.6,x,52695.9,x,27829.4,-,-,-,-,-,-,-,-,-,-,
"C1823",x,x,x,x,x,x,12425.3,18454.7,x,10773.8,-,-,-,-,-,-,-,x,-,-,-,-,-,x,-,-,x,-,x,x,x,-,24188.9,x,7944.1,-,-,-,-,-,-,-,-,-,-,
"C18230",x,x,x,x,x,x,12425.3,18454.7,x,10773.8,-,-,-,-,-,-,-,x,-,-,-,-,-,x,-,-,x,-,x,x,x,-,24188.9,x,7944.1,-,-,-,-,-,-,-,-,-,-,
"C1824",219697.2,96784.9,37927.5,x,10591.8,x,-,15682.8,x,8008.0,-,-,-,-,-,-,-,32945.1,-,-,-,-,-,36977.8,-,-,52989.4,-,x,x,x,x,5519.8,x,18903.5,-,-,-,-,-,-,-,-,-,-,
"C18240",219697.2,96784.9,37927.5,x,10591.8,x,-,15682.8,x,8008.0,-,-,-,-,-,-,-,32945.1,-,-,-,-,-,36977.8,-,-,52989.4,-,x,x,x,x,5519.8,x,18903.5,-,-,-,-,-,-,-,-,-,-,
"C19",962416.6,420681.9,102426.2,37470.3,49472.7,49464.4,45268.9,85434.6,32492.0,18652.8,-,-,-,-,-,-,-,179807.4,-,-,-,-,-,126169.1,17419.7,-,218338.5,x,16780.1,x,56920.6,31380.8,62586.1,x,22280.5,-,-,-,-,-,-,-,-,-,-,
"C190",671.0,671.0,-,-,-,-,-,671.0,-,-,-,-,-,-,-,-,-,-,-,-,-,-,-,-,-,-,-,-,-,-,-,-,-,-,-,-,-,-,-,-,-,-,-,-,-,
"C1900",671.0,671.0,-,-,-,-,-,671.0,-,-,-,-,-,-,-,-,-,-,-,-,-,-,-,-,-,-,-,-,-,-,-,-,-,-,-,-,-,-,-,-,-,-,-,-,-,
"C19000",671.0,671.0,-,-,-,-,-,671.0,-,-,-,-,-,-,-,-,-,-,-,-,-,-,-,-,-,-,-,-,-,-,-,-,-,-,-,-,-,-,-,-,-,-,-,-,-,
"C191",179660.3,77379.3,12663.2,x,9659.3,16808.7,11107.8,16491.2,x,x,-,-,-,-,-,-,-,33858.0,-,-,-,-,-,30420.8,-,-,38002.2,x,4111.8,x,17967.4,x,9394.0,-,1733.6,-,-,-,-,-,-,-,-,-,-,
"C1910",179660.3,77379.3,12663.2,x,9659.3,16808.7,11107.8,16491.2,x,x,-,-,-,-,-,-,-,33858.0,-,-,-,-,-,30420.8,-,-,38002.2,x,4111.8,x,17967.4,x,9394.0,-,1733.6,-,-,-,-,-,-,-,-,-,-,
"C19100",179660.3,77379.3,12663.2,x,9659.3,16808.7,11107.8,16491.2,x,x,-,-,-,-,-,-,-,33858.0,-,-,-,-,-,30420.8,-,-,38002.2,x,4111.8,x,17967.4,x,9394.0,-,1733.6,-,-,-,-,-,-,-,-,-,-,
"C192",203609.8,89297.2,27004.7,x,6142.4,4627.7,7277.1,19034.2,x,x,-,-,-,-,-,-,-,37773.1,-,-,-,-,-,27058.1,-,-,49481.4,5159.0,x,-,8635.0,x,23084.0,x,7591.1,-,-,-,-,-,-,-,-,-,-,
"C1920",203609.8,89297.2,27004.7,x,6142.4,4627.7,7277.1,19034.2,x,x,-,-,-,-,-,-,-,37773.1,-,-,-,-,-,27058.1,-,-,49481.4,5159.0,x,-,8635.0,x,23084.0,x,7591.1,-,-,-,-,-,-,-,-,-,-,
"C19200",203609.8,89297.2,27004.7,x,6142.4,4627.7,7277.1,19034.2,x,x,-,-,-,-,-,-,-,37773.1,-,-,-,-,-,27058.1,-,-,49481.4,5159.0,x,-,8635.0,x,23084.0,x,7591.1,-,-,-,-,-,-,-,-,-,-,
"C193",578475.5,253334.4,62758.3,22343.2,33671.0,28028.0,26884.0,49238.2,16096.3,14315.4,-,-,-,-,-,-,-,108176.3,-,-,-,-,-,68690.2,17419.7,-,130854.9,x,x,x,30318.2,x,30108.1,x,12955.8,-,-,-,-,-,-,-,-,-,-,
"C1930",578475.5,253334.4,62758.3,22343.2,33671.0,28028.0,26884.0,49238.2,16096.3,14315.4,-,-,-,-,-,-,-,108176.3,-,-,-,-,-,68690.2,17419.7,-,130854.9,x,x,x,30318.2,x,30108.1,x,12955.8,-,-,-,-,-,-,-,-,-,-,
"C19300",578475.5,253334.4,62758.3,22343.2,33671.0,28028.0,26884.0,49238.2,16096.3,14315.4,-,-,-,-,-,-,-,108176.3,-,-,-,-,-,68690.2,17419.7,-,130854.9,x,x,x,30318.2,x,30108.1,x,12955.8,-,-,-,-,-,-,-,-,-,-,
"C20",2888319.4,1166663.7,258815.4,118506.4,169709.7,106475.0,135349.8,153025.9,118658.3,106123.2,-,-,-,-,-,-,-,574815.2,-,-,-,-,-,-,555566.4,-,591274.1,36256.8,44581.5,37695.0,137332.0,73972.5,121376.4,61526.6,78533.3,-,-,-,-,-,-,-,-,-,-,
"C200",10169.1,10169.1,x,-,-,x,x,-,4981.2,5171.1,-,-,-,-,-,-,-,-,-,-,-,-,-,-,-,-,-,-,-,-,-,-,-,-,-,-,-,-,-,-,-,-,-,-,-,
"C2000",10169.1,10169.1,x,-,-,x,x,-,4981.2,5171.1,-,-,-,-,-,-,-,-,-,-,-,-,-,-,-,-,-,-,-,-,-,-,-,-,-,-,-,-,-,-,-,-,-,-,-,
"C20000",10169.1,10169.1,x,-,-,x,x,-,4981.2,5171.1,-,-,-,-,-,-,-,-,-,-,-,-,-,-,-,-,-,-,-,-,-,-,-,-,-,-,-,-,-,-,-,-,-,-,-,
"C201",106416.3,32680.9,x,x,3131.7,x,x,x,x,x,-,-,-,-,-,-,-,x,-,-,-,-,-,-,30304.4,-,x,x,-,x,x,-,x,x,1300.2,-,-,-,-,-,-,-,-,-,-,
"C2010",106416.3,32680.9,x,x,3131.7,x,x,x,x,x,-,-,-,-,-,-,-,x,-,-,-,-,-,-,30304.4,-,x,x,-,x,x,-,x,x,1300.2,-,-,-,-,-,-,-,-,-,-,
"C20100",3376.2,x,-,x,-,-,-,x,-,-,-,-,-,-,-,-,-,-,-,-,-,-,-,-,-,-,x,x,-,-,x,-,-,x,-,-,-,-,-,-,-,-,-,-,-,
"C20101",82098.3,21697.4,-,-,-,x,x,-,x,x,-,-,-,-,-,-,-,x,-,-,-,-,-,-,26258.6,-,x,-,-,x,x,-,x,x,-,-,-,-,-,-,-,-,-,-,-,
"C20102",20941.8,x,x,x,3131.7,-,-,x,-,1224.3,-,-,-,-,-,-,-,3641.0,-,-,-,-,-,-,4045.8,-,x,-,-,-,x,-,x,-,1300.2,-,-,-,-,-,-,-,-,-,-,
"C202",154248.6,65774.5,9264.2,3362.7,5332.8,7445.9,17834.3,9719.6,12815.0,-,-,-,-,-,-,-,-,x,-,-,-,-,-,-,26798.2,-,x,-,-,x,x,1075.8,11247.5,x,x,-,-,-,-,-,-,-,-,-,-,
"C2020",154248.6,65774.5,9264.2,3362.7,5332.8,7445.9,17834.3,9719.6,12815.0,-,-,-,-,-,-,-,-,x,-,-,-,-,-,-,26798.2,-,x,-,-,x,x,1075.8,11247.5,x,x,-,-,-,-,-,-,-,-,-,-,
"C20200",154248.6,65774.5,9264.2,3362.7,5332.8,7445.9,17834.3,9719.6,12815.0,-,-,-,-,-,-,-,-,x,-,-,-,-,-,-,26798.2,-,x,-,-,x,x,1075.8,11247.5,x,x,-,-,-,-,-,-,-,-,-,-,
"C203",1910487.3,773810.0,170856.9,95228.5,92376.4,67596.8,79180.8,116449.7,68828.9,83292.0,-,-,-,-,-,-,-,386947.5,-,-,-,-,-,-,361002.3,-,388727.5,28970.6,39576.8,26422.6,85904.8,50840.8,72807.8,37055.5,47148.6,-,-,-,-,-,-,-,-,-,-,
"C2030",1910487.3,773810.0,170856.9,95228.5,92376.4,67596.8,79180.8,116449.7,68828.9,83292.0,-,-,-,-,-,-,-,386947.5,-,-,-,-,-,-,361002.3,-,388727.5,28970.6,39576.8,26422.6,85904.8,50840.8,72807.8,37055.5,47148.6,-,-,-,-,-,-,-,-,-,-,
"C20300",x,x,-,-,-,x,-,-,x,-,-,-,-,-,-,-,-,-,-,-,-,-,-,-,-,-,-,-,-,-,-,-,-,-,-,-,-,-,-,-,-,-,-,-,-,
"C20301",1386066.6,x,115182.5,66986.3,71125.1,x,46694.6,95364.3,55238.6,70807.0,-,-,-,-,-,-,-,273337.0,-,-,-,-,-,-,x,-,279290.4,18520.8,22343.1,22199.9,74117.4,34107.0,47612.0,27241.3,33148.9,-,-,-,-,-,-,-,-,-,-,
"C20302",x,x,55674.4,28242.2,21251.3,x,32486.2,21085.4,x,12485.0,-,-,-,-,-,-,-,113610.5,-,-,-,-,-,-,x,-,109437.1,10449.8,17233.7,4222.7,11787.4,16733.8,25195.8,9814.2,13999.7,-,-,-,-,-,-,-,-,-,-,
"C204",479194.8,192511.0,49947.3,15049.9,34644.0,27779.5,18623.8,12550.1,22965.2,10951.2,-,-,-,-,-,-,-,90406.3,-,-,-,-,-,-,92509.1,-,103768.4,x,x,3763.8,29893.0,22055.9,22345.4,x,16987.9,-,-,-,-,-,-,-,-,-,-,
"C2040",479194.8,192511.0,49947.3,15049.9,34644.0,27779.5,18623.8,12550.1,22965.2,10951.2,-,-,-,-,-,-,-,90406.3,-,-,-,-,-,-,92509.1,-,103768.4,x,x,3763.8,29893.0,22055.9,22345.4,x,16987.9,-,-,-,-,-,-,-,-,-,-,
"C20400",479194.8,192511.0,49947.3,15049.9,34644.0,27779.5,18623.8,12550.1,22965.2,10951.2,-,-,-,-,-,-,-,90406.3,-,-,-,-,-,-,92509.1,-,103768.4,x,x,3763.8,29893.0,22055.9,22345.4,x,16987.9,-,-,-,-,-,-,-,-,-,-,
"C205",227803.3,91718.2,27362.5,x,34224.8,x,4118.4,x,x,x,-,-,-,-,-,-,-,49369.5,-,-,-,-,-,-,44952.4,-,41763.2,x,x,-,16644.1,-,x,x,x,-,-,-,-,-,-,-,-,-,-,
"C2051",227803.3,91718.2,27362.5,x,34224.8,x,4118.4,x,x,x,-,-,-,-,-,-,-,49369.5,-,-,-,-,-,-,44952.4,-,41763.2,x,x,-,16644.1,-,x,x,x,-,-,-,-,-,-,-,-,-,-,
"C20510",227803.3,91718.2,27362.5,x,34224.8,x,4118.4,x,x,x,-,-,-,-,-,-,-,49369.5,-,-,-,-,-,-,44952.4,-,41763.2,x,x,-,16644.1,-,x,x,x,-,-,-,-,-,-,-,-,-,-,
"C21",6842152.4,2186845.2,485938.3,276995.2,216559.0,165560.3,308242.1,377466.5,197766.4,158317.4,590005.2,-,-,-,-,-,-,1361188.6,-,-,-,-,-,-,1285986.8,-,1418126.6,118314.6,81800.5,62730.6,238484.8,101501.9,413873.7,207052.4,194368.1,-,-,-,-,-,-,-,-,-,-,
"C210",114287.4,114287.4,x,x,x,-,x,-,x,-,-,-,-,-,-,-,-,-,-,-,-,-,-,-,-,-,-,-,-,-,-,-,-,-,-,-,-,-,-,-,-,-,-,-,-,
"C2100",114287.4,114287.4,x,x,x,-,x,-,x,-,-,-,-,-,-,-,-,-,-,-,-,-,-,-,-,-,-,-,-,-,-,-,-,-,-,-,-,-,-,-,-,-,-,-,-,
"C21000",114287.4,114287.4,x,x,x,-,x,-,x,-,-,-,-,-,-,-,-,-,-,-,-,-,-,-,-,-,-,-,-,-,-,-,-,-,-,-,-,-,-,-,-,-,-,-,-,
"C211",2292004.3,903417.9,x,x,x,69009.6,x,182011.9,x,18003.5,-,-,-,-,-,-,-,462733.5,-,-,-,-,-,-,410145.3,-,515707.6,39446.1,4346.1,19807.7,22376.5,36003.8,241157.2,56983.3,95586.9,-,-,-,-,-,-,-,-,-,-,
"C2112",2292004.3,903417.9,x,x,x,69009.6,x,182011.9,x,18003.5,-,-,-,-,-,-,-,462733.5,-,-,-,-,-,-,410145.3,-,515707.6,39446.1,4346.1,19807.7,22376.5,36003.8,241157.2,56983.3,95586.9,-,-,-,-,-,-,-,-,-,-,
"C21121",1270052.3,430489.1,93658.3,21945.0,48140.4,35844.6,87852.6,128693.2,-,14355.0,-,-,-,-,-,-,-,316928.3,-,-,-,-,-,-,279853.1,-,242781.8,x,-,x,-,x,95752.8,50635.2,56820.4,-,-,-,-,-,-,-,-,-,-,
"C21122",679051.3,276282.3,88668.8,x,x,x,x,34399.7,x,-,-,-,-,-,-,-,-,x,-,-,-,-,-,-,x,-,142048.8,x,-,-,x,x,72859.4,-,28319.8,-,-,-,-,-,-,-,-,-,-,
"C21123",342900.7,196646.5,x,x,x,x,18103.6,18919.0,24609.2,3648.5,-,-,-,-,-,-,-,x,-,-,-,-,-,-,x,-,130877.0,x,4346.1,x,x,x,72545.0,6348.1,10446.7,-,-,-,-,-,-,-,-,-,-,
"C212",4435860.7,1169139.9,180005.0,188414.4,122255.2,96550.7,121190.9,195454.6,124955.2,140313.9,590005.2,-,-,-,-,-,-,898455.1,-,-,-,-,-,-,875841.5,-,902419.0,78868.5,77454.4,42922.9,216108.3,65498.1,172716.5,150069.1,98781.2,-,-,-,-,-,-,-,-,-,-,
"C2121",2981090.9,871276.6,x,153806.5,112570.8,65566.1,x,132307.5,100736.2,99354.7,320758.7,-,-,-,-,-,-,595324.9,-,-,-,-,-,-,582587.3,-,611143.4,59540.0,x,x,x,x,117857.3,x,83250.6,-,-,-,-,-,-,-,-,-,-,
"C21211",1851345.6,645391.9,x,56754.6,59031.6,65566.1,x,x,69699.2,69658.0,93294.4,-,-,-,-,-,-,367248.9,-,-,-,-,-,-,366007.5,-,379402.9,59540.0,x,x,83318.4,26684.3,99624.8,22577.1,42577.0,-,-,-,-,-,-,-,-,-,-,
"C21212",1129745.3,225884.7,x,97051.9,53539.2,-,-,x,31037.0,29696.7,227464.3,-,-,-,-,-,-,228076.0,-,-,-,-,-,-,216579.8,-,231740.5,-,x,x,x,x,18232.5,x,40673.6,-,-,-,-,-,-,-,-,-,-,
"C2122",631436.7,123907.2,x,-,-,-,x,40847.1,-,x,115204.4,-,-,-,-,-,-,139228.1,-,-,-,-,-,-,131782.7,-,121314.3,x,x,x,x,-,28765.0,-,x,-,-,-,-,-,-,-,-,-,-,
"C21220",631436.7,123907.2,x,-,-,-,x,40847.1,-,x,115204.4,-,-,-,-,-,-,139228.1,-,-,-,-,-,-,131782.7,-,121314.3,x,x,x,x,-,28765.0,-,x,-,-,-,-,-,-,-,-,-,-,
"C2123",394015.4,89183.0,x,14810.6,x,-,-,x,x,6461.4,68798.3,-,-,-,-,-,-,78846.4,-,-,-,-,-,-,76257.5,-,80930.2,x,19144.1,x,28502.1,x,x,x,x,-,-,-,-,-,-,-,-,-,-,
"C21230",394015.4,89183.0,x,14810.6,x,-,-,x,x,6461.4,68798.3,-,-,-,-,-,-,78846.4,-,-,-,-,-,-,76257.5,-,80930.2,x,19144.1,x,28502.1,x,x,x,x,-,-,-,-,-,-,-,-,-,-,
"C2124",96189.1,18955.6,x,-,-,-,x,x,x,-,18911.6,-,-,-,-,-,-,18502.5,-,-,-,-,-,-,20988.0,-,18831.4,-,-,-,x,x,x,x,-,-,-,-,-,-,-,-,-,-,-,
"C21240",96189.1,18955.6,x,-,-,-,x,x,x,-,18911.6,-,-,-,-,-,-,18502.5,-,-,-,-,-,-,20988.0,-,18831.4,-,-,-,x,x,x,x,-,-,-,-,-,-,-,-,-,-,-,
"C2125",333128.6,65817.5,x,19797.3,x,30984.6,x,-,x,x,66332.2,-,-,-,-,-,-,66553.2,-,-,-,-,-,-,64226.0,-,70199.7,5860.8,-,9344.3,31745.0,-,14444.1,-,8805.5,-,-,-,-,-,-,-,-,-,-,
"C21250",333128.6,65817.5,x,19797.3,x,30984.6,x,-,x,x,66332.2,-,-,-,-,-,-,66553.2,-,-,-,-,-,-,64226.0,-,70199.7,5860.8,-,9344.3,31745.0,-,14444.1,-,8805.5,-,-,-,-,-,-,-,-,-,-,
"C22",x,3368206.3,550241.3,508483.1,433375.7,287825.3,372103.6,563480.2,327422.5,325274.6,x,920509.5,862278.3,1250846.3,x,6866.7,14440.8,x,1658425.7,370.7,24943.6,14804.9,1808.8,x,3239560.3,165.0,1173151.7,187513.4,109815.7,60491.2,211756.0,79988.1,325762.4,108009.3,89815.6,623711.3,1422010.8,1386.0,-,-,1300.2,85.8,-,-,x,
"C220",89872.1,-,-,-,-,-,-,-,-,-,89872.1,-,-,-,-,-,-,-,-,-,-,-,-,-,-,-,-,-,-,-,-,-,-,-,-,-,-,-,-,-,-,-,-,-,-,
"C2200",89872.1,-,-,-,-,-,-,-,-,-,89872.1,-,-,-,-,-,-,-,-,-,-,-,-,-,-,-,-,-,-,-,-,-,-,-,-,-,-,-,-,-,-,-,-,-,-,
"C22000",89872.1,-,-,-,-,-,-,-,-,-,89872.1,-,-,-,-,-,-,-,-,-,-,-,-,-,-,-,-,-,-,-,-,-,-,-,-,-,-,-,-,-,-,-,-,-,-,
"C221",6345063.2,1195025.2,x,x,182637.0,x,x,165396.7,139035.5,x,x,x,-,-,-,-,-,1432328.7,-,-,-,-,-,-,1372803.2,-,x,187513.4,109815.7,x,x,x,325762.4,108009.3,89815.6,21187.8,-,1300.2,-,-,1300.2,-,-,-,-,
"C2211",1175301.5,255312.1,17787.9,60821.2,40296.3,28030.6,25356.4,48109.6,6883.8,28026.3,210836.8,-,-,-,-,-,-,247307.9,-,-,-,-,-,-,236081.5,-,225763.2,18924.8,10870.2,18006.7,33106.3,26951.8,80702.9,19207.1,17993.4,-,-,-,-,-,-,-,-,-,-,
"C22110",1175301.5,255312.1,17787.9,60821.2,40296.3,28030.6,25356.4,48109.6,6883.8,28026.3,210836.8,-,-,-,-,-,-,247307.9,-,-,-,-,-,-,236081.5,-,225763.2,18924.8,10870.2,18006.7,33106.3,26951.8,80702.9,19207.1,17993.4,-,-,-,-,-,-,-,-,-,-,
"C2212",3707566.8,633543.9,143243.2,54638.5,122244.1,42719.7,39013.2,97940.5,72885.0,60859.7,x,x,-,-,-,-,-,876387.0,-,-,-,-,-,-,809353.7,-,674273.5,165182.1,43996.1,34576.6,97565.6,35486.8,186755.2,50962.2,59748.9,-,-,-,-,-,-,-,-,-,-,
"C22120",3707566.8,633543.9,143243.2,54638.5,122244.1,42719.7,39013.2,97940.5,72885.0,60859.7,x,x,-,-,-,-,-,876387.0,-,-,-,-,-,-,809353.7,-,674273.5,165182.1,43996.1,34576.6,97565.6,35486.8,186755.2,50962.2,59748.9,-,-,-,-,-,-,-,-,-,-,
"C2213",1310120.5,267399.9,x,x,13347.0,x,x,11746.7,59266.7,x,-,x,-,-,-,-,-,278548.0,-,-,-,-,-,-,301756.1,-,x,3406.5,x,x,x,x,58304.3,37840.0,12073.3,x,-,-,-,-,-,-,-,-,-,
"C22130",1310120.5,267399.9,x,x,13347.0,x,x,11746.7,59266.7,x,-,x,-,-,-,-,-,278548.0,-,-,-,-,-,-,301756.1,-,x,3406.5,x,x,x,x,58304.3,37840.0,12073.3,x,-,-,-,-,-,-,-,-,-,
"C2214",76364.2,23515.8,-,-,x,x,x,7599.9,-,-,-,15416.5,-,-,-,-,-,13005.3,-,-,-,-,-,-,8846.2,-,x,-,x,-,-,-,-,-,-,x,-,1300.2,-,-,1300.2,-,-,-,-,
"C22140",76364.2,23515.8,-,-,x,x,x,7599.9,-,-,-,15416.5,-,-,-,-,-,13005.3,-,-,-,-,-,-,8846.2,-,x,-,x,-,-,-,-,-,-,x,-,1300.2,-,-,1300.2,-,-,-,-,
"C2215",75710.2,15253.5,x,-,x,x,x,-,-,x,x,x,-,-,-,-,-,17080.5,-,-,-,-,-,-,16765.7,-,-,-,-,-,-,-,-,-,-,x,-,-,-,-,-,-,-,-,-,
"C22150",75710.2,15253.5,x,-,x,x,x,-,-,x,x,x,-,-,-,-,-,17080.5,-,-,-,-,-,-,16765.7,-,-,-,-,-,-,-,-,-,-,x,-,-,-,-,-,-,-,-,-,
"C222",x,2051393.7,302276.6,377794.1,220576.7,152794.5,217062.1,380492.3,188387.0,212010.4,x,x,862278.3,1141075.1,x,6866.7,14440.8,x,1528227.4,370.7,24943.6,14804.9,1808.8,x,1737090.9,165.0,x,-,-,x,x,x,-,-,-,602523.5,1298161.8,85.8,-,-,-,85.8,-,-,x,
"C2220",x,-,-,-,-,-,-,-,-,-,-,x,-,-,-,-,-,-,-,-,-,-,-,-,-,-,-,-,-,-,-,-,-,-,-,-,-,-,-,-,-,-,-,-,-,
"C22200",x,-,-,-,-,-,-,-,-,-,-,x,-,-,-,-,-,-,-,-,-,-,-,-,-,-,-,-,-,-,-,-,-,-,-,-,-,-,-,-,-,-,-,-,-,
"C2221",x,315188.9,46601.4,84840.6,17557.9,40799.5,32252.9,42047.4,34755.6,16333.6,x,x,319146.4,23765.7,29990.4,x,-,x,-,370.7,x,x,1808.8,x,x,165.0,x,-,-,x,x,x,-,-,-,221328.2,2657.6,85.8,-,-,-,85.8,-,-,x,
"C22210",x,315188.9,46601.4,84840.6,17557.9,40799.5,32252.9,42047.4,34755.6,16333.6,x,x,319146.4,23765.7,29990.4,x,-,x,-,370.7,x,x,1808.8,x,x,165.0,x,-,-,x,x,x,-,-,-,221328.2,2657.6,85.8,-,-,-,85.8,-,-,x,
"C2222",6837180.5,1412776.3,208200.9,263073.4,165394.2,75668.6,168978.9,254242.9,106181.0,171036.4,x,x,543131.9,798760.1,x,x,14440.8,139123.5,1225292.8,-,x,x,-,x,x,-,-,-,-,-,-,-,-,-,-,381195.3,959675.7,-,-,-,-,-,-,-,-,
"C22220",303284.4,-,-,-,-,-,-,-,-,-,-,-,70530.2,-,-,-,-,-,-,-,x,-,-,x,x,-,-,-,-,-,-,-,-,-,-,55676.5,x,-,-,-,-,-,-,-,-,
"C22221",414057.1,101671.6,29980.1,25448.8,x,x,x,12581.2,4507.8,7167.0,x,-,89955.8,-,x,-,-,68777.3,-,-,x,-,-,-,65360.0,-,-,-,-,-,-,-,-,-,-,55366.1,-,-,-,-,-,-,-,-,-,
"C22222",1329439.1,267947.1,20401.1,97794.6,4966.4,20918.7,22297.7,55110.3,14589.3,31869.0,-,x,278264.9,-,x,x,11622.6,70346.2,206969.5,-,-,x,-,-,193589.2,-,-,-,-,-,-,-,-,-,-,270152.7,-,-,-,-,-,-,-,-,-,
"C22223",1678555.1,369245.6,88497.7,29116.9,61097.3,12036.1,33524.0,71578.8,27881.0,45513.8,-,-,104381.0,206673.5,-,-,2818.2,-,344666.7,-,-,-,-,-,318518.2,-,-,-,-,-,-,-,-,-,-,-,332251.9,-,-,-,-,-,-,-,-,
"C22224",630987.3,131729.8,11365.2,9235.6,45383.6,-,27412.0,27130.5,-,11202.9,-,-,-,137585.9,-,-,-,-,120842.4,-,-,-,-,-,97080.3,-,-,-,-,-,-,-,-,-,-,-,143748.9,-,-,-,-,-,-,-,-,
"C22225",480500.0,99258.1,15426.3,1771.2,x,x,x,29113.4,20770.9,26477.0,-,-,-,99965.8,-,-,-,-,95947.5,-,-,-,-,-,x,-,-,-,-,-,-,-,-,-,-,-,x,-,-,-,-,-,-,-,-,
"C22226",2000357.5,442924.1,42530.5,99706.3,48895.7,25186.2,80638.0,58728.7,38432.0,48806.7,-,-,-,354534.9,-,-,-,-,456866.7,-,-,-,-,-,363425.9,-,-,-,-,-,-,-,-,-,-,-,382605.9,-,-,-,-,-,-,-,-,
"C2223",861298.8,173081.3,9990.3,16438.5,26464.4,26705.7,10295.1,45512.7,23630.2,14044.4,-,-,-,179076.5,-,-,-,-,166685.6,-,-,-,-,-,159228.8,-,-,-,-,-,-,-,-,-,-,-,183226.6,-,-,-,-,-,-,-,-,
"C22230",861298.8,173081.3,9990.3,16438.5,26464.4,26705.7,10295.1,45512.7,23630.2,14044.4,-,-,-,179076.5,-,-,-,-,166685.6,-,-,-,-,-,159228.8,-,-,-,-,-,-,-,-,-,-,-,183226.6,-,-,-,-,-,-,-,-,
"C2224",715338.4,150347.2,37484.0,13441.6,11160.2,9620.7,5535.2,38689.3,23820.2,10596.0,-,-,-,139472.8,-,-,-,-,136249.0,-,-,-,-,-,136667.5,-,-,-,-,-,-,-,-,-,-,-,152601.9,-,-,-,-,-,-,-,-,
"C22240",715338.4,150347.2,37484.0,13441.6,11160.2,9620.7,5535.2,38689.3,23820.2,10596.0,-,-,-,139472.8,-,-,-,-,136249.0,-,-,-,-,-,136667.5,-,-,-,-,-,-,-,-,-,-,-,152601.9,-,-,-,-,-,-,-,-,
"C223",633575.0,121787.4,x,x,30162.0,x,x,17591.2,-,x,-,-,-,109771.2,18302.9,-,-,-,130198.3,-,-,-,-,-,129666.2,-,-,-,-,-,-,-,-,-,-,-,123849.0,-,-,-,-,-,-,-,-,
"C2231",575372.3,110521.4,x,x,30162.0,x,x,x,-,x,-,-,-,109771.2,11354.2,-,-,-,115421.1,-,-,-,-,-,112618.5,-,-,-,-,-,-,-,-,-,-,-,115685.9,-,-,-,-,-,-,-,-,
"C22310",575372.3,110521.4,x,x,30162.0,x,x,x,-,x,-,-,-,109771.2,11354.2,-,-,-,115421.1,-,-,-,-,-,112618.5,-,-,-,-,-,-,-,-,-,-,-,115685.9,-,-,-,-,-,-,-,-,
"C2232",58202.7,11266.0,x,-,-,x,-,x,-,-,-,-,-,-,6948.7,-,-,-,14777.2,-,-,-,-,-,17047.7,-,-,-,-,-,-,-,-,-,-,-,8163.1,-,-,-,-,-,-,-,-,
"C22320",58202.7,11266.0,x,-,-,x,-,x,-,-,-,-,-,-,6948.7,-,-,-,14777.2,-,-,-,-,-,17047.7,-,-,-,-,-,-,-,-,-,-,-,8163.1,-,-,-,-,-,-,-,-,
"C23",1696382.7,334884.1,34229.6,44730.5,3358.9,70202.6,96696.0,50054.9,31429.0,4182.6,-,-,-,-,338223.5,-,-,-,x,-,-,-,-,-,x,-,-,-,-,-,-,-,-,-,-,-,342492.5,-,-,-,-,-,-,-,-,
"C231",x,27561.6,27561.6,-,-,-,-,-,-,-,-,-,-,-,27865.2,-,-,-,x,-,-,-,-,-,x,-,-,-,-,-,-,-,-,-,-,-,27865.2,-,-,-,-,-,-,-,-,
"C2310",x,27561.6,27561.6,-,-,-,-,-,-,-,-,-,-,-,27865.2,-,-,-,x,-,-,-,-,-,x,-,-,-,-,-,-,-,-,-,-,-,27865.2,-,-,-,-,-,-,-,-,
"C23100",x,27561.6,27561.6,-,-,-,-,-,-,-,-,-,-,-,27865.2,-,-,-,x,-,-,-,-,-,x,-,-,-,-,-,-,-,-,-,-,-,27865.2,-,-,-,-,-,-,-,-,
"C232",1496247.6,307322.5,6668.0,44730.5,3358.9,70202.6,96696.0,50054.9,31429.0,4182.6,-,-,-,-,310358.3,-,-,-,289254.3,-,-,-,-,-,274685.2,-,-,-,-,-,-,-,-,-,-,-,314627.3,-,-,-,-,-,-,-,-,
"C2320",1496247.6,307322.5,6668.0,44730.5,3358.9,70202.6,96696.0,50054.9,31429.0,4182.6,-,-,-,-,310358.3,-,-,-,289254.3,-,-,-,-,-,274685.2,-,-,-,-,-,-,-,-,-,-,-,314627.3,-,-,-,-,-,-,-,-,
"C23200",x,-,-,-,-,-,-,-,-,-,-,-,-,-,-,-,-,-,-,-,-,-,-,-,-,-,-,-,-,-,-,-,-,-,-,-,x,-,-,-,-,-,-,-,-,
"C23201",1353778.9,275713.3,x,42009.4,x,69801.4,93698.9,43184.9,x,x,-,-,-,-,281735.1,-,-,-,262832.1,-,-,-,-,-,248862.2,-,-,-,-,-,-,-,-,-,-,-,284636.2,-,-,-,-,-,-,-,-,
"C23202",x,31609.2,x,2721.1,x,401.2,2997.1,6870.0,x,x,-,-,-,-,28623.2,-,-,-,26422.2,-,-,-,-,-,25823.0,-,-,-,-,-,-,-,-,-,-,-,x,-,-,-,-,-,-,-,-,
"C233",x,-,-,-,-,-,-,-,-,-,-,-,-,-,-,-,-,-,x,-,-,-,-,-,x,-,-,-,-,-,-,-,-,-,-,-,-,-,-,-,-,-,-,-,-,
"C2330",x,-,-,-,-,-,-,-,-,-,-,-,-,-,-,-,-,-,x,-,-,-,-,-,x,-,-,-,-,-,-,-,-,-,-,-,-,-,-,-,-,-,-,-,-,
"C23300",x,-,-,-,-,-,-,-,-,-,-,-,-,-,-,-,-,-,x,-,-,-,-,-,x,-,-,-,-,-,-,-,-,-,-,-,-,-,-,-,-,-,-,-,-,
"C24",x,205222348.0,385748.7,419159.6,x,x,427189.6,820140.9,650611.7,268026.5,-,-,-,-,x,x,-,-,1616147.8,x,-,-,-,-,3942385.4,-,-,-,-,-,-,-,-,-,-,-,70677428.9,x,33977.3,13018.9,x,1016018.6,482340.4,152143.1,-,
"C240",237527.1,-,-,-,-,-,-,-,-,-,-,-,-,-,237527.1,-,-,-,-,-,-,-,-,-,-,-,-,-,-,-,-,-,-,-,-,-,-,-,-,-,-,-,-,-,-,
"C2400",237527.1,-,-,-,-,-,-,-,-,-,-,-,-,-,237527.1,-,-,-,-,-,-,-,-,-,-,-,-,-,-,-,-,-,-,-,-,-,-,-,-,-,-,-,-,-,-,
"C24000",237527.1,-,-,-,-,-,-,-,-,-,-,-,-,-,237527.1,-,-,-,-,-,-,-,-,-,-,-,-,-,-,-,-,-,-,-,-,-,-,-,-,-,-,-,-,-,-,
"C241",x,202978117.2,163026.6,115170.6,x,x,126257.3,588331.4,335908.9,x,-,-,-,-,x,506573.2,-,-,1616147.8,227448.9,-,-,-,-,1749663.0,-,-,-,-,-,-,-,-,-,-,-,70566765.7,-,-,-,-,-,-,-,-,
"C2411",78869.7,14847.4,-,3229.6,4902.0,-,844.8,269.5,5601.5,-,-,-,-,-,x,-,-,-,17822.7,-,-,-,-,-,19470.5,-,-,-,-,-,-,-,-,-,-,-,x,-,-,-,-,-,-,-,-,
"C24110",78869.7,14847.4,-,3229.6,4902.0,-,844.8,269.5,5601.5,-,-,-,-,-,x,-,-,-,17822.7,-,-,-,-,-,19470.5,-,-,-,-,-,-,-,-,-,-,-,x,-,-,-,-,-,-,-,-,
"C2412",318031.6,65294.7,x,-,26085.0,x,x,-,x,7220.4,-,-,-,-,66948.7,-,-,-,54127.9,-,-,-,-,-,68851.1,-,-,-,-,-,-,-,-,-,-,-,62809.2,-,-,-,-,-,-,-,-,
"C24120",318031.6,65294.7,x,-,26085.0,x,x,-,x,7220.4,-,-,-,-,66948.7,-,-,-,54127.9,-,-,-,-,-,68851.1,-,-,-,-,-,-,-,-,-,-,-,62809.2,-,-,-,-,-,-,-,-,
"C2413",1285343.0,314274.6,41937.6,-,6764.5,8970.2,16568.1,222462.3,1603.8,15968.1,-,-,-,-,328212.9,-,-,-,158650.8,-,-,-,-,-,160026.3,-,-,-,-,-,-,-,-,-,-,-,324178.4,-,-,-,-,-,-,-,-,
"C24130",1285343.0,314274.6,41937.6,-,6764.5,8970.2,16568.1,222462.3,1603.8,15968.1,-,-,-,-,328212.9,-,-,-,158650.8,-,-,-,-,-,160026.3,-,-,-,-,-,-,-,-,-,-,-,324178.4,-,-,-,-,-,-,-,-,
"C2414",x,202088793.4,83501.1,29322.9,x,x,x,241252.4,262721.2,x,-,-,-,-,x,-,-,-,1112514.4,-,-,-,-,-,1026456.8,-,-,-,-,-,-,-,-,-,-,-,x,-,-,-,-,-,-,-,-,
"C24140",217244.2,-,-,-,-,-,-,-,-,-,-,-,-,-,-,-,-,-,-,-,-,-,-,-,x,-,-,-,-,-,-,-,-,-,-,-,x,-,-,-,-,-,-,-,-,
"C24141",x,457139.6,14282.4,-,x,25352.1,x,124065.0,226843.3,56136.0,-,-,-,-,466964.7,-,-,-,427879.0,-,-,-,-,-,x,-,-,-,-,-,-,-,-,-,-,-,x,-,-,-,-,-,-,-,-,
"C24142",335783470.6,201631653.8,69218.7,29322.9,x,x,x,117187.4,35877.9,x,-,-,-,-,x,-,-,-,684635.4,-,-,-,-,-,629811.8,-,-,-,-,-,-,-,-,-,-,-,x,-,-,-,-,-,-,-,-,
"C2415",953878.8,199674.0,x,58759.8,2512.6,x,x,x,x,x,-,-,-,-,43856.6,172591.3,-,-,177283.0,-,-,-,-,-,152962.5,-,-,-,-,-,-,-,-,-,-,-,207511.4,-,-,-,-,-,-,-,-,
"C24150",953878.8,199674.0,x,58759.8,2512.6,x,x,x,x,x,-,-,-,-,43856.6,172591.3,-,-,177283.0,-,-,-,-,-,152962.5,-,-,-,-,-,-,-,-,-,-,-,207511.4,-,-,-,-,-,-,-,-,
"C2416",1539660.0,295233.1,23457.5,23858.3,105123.6,x,73000.6,x,50553.3,x,-,-,-,-,-,312492.3,-,-,95749.0,216798.4,-,-,-,-,312071.5,-,-,-,-,-,-,-,-,-,-,-,307315.7,-,-,-,-,-,-,-,-,
"C24160",1539660.0,295233.1,23457.5,23858.3,105123.6,x,73000.6,x,50553.3,x,-,-,-,-,-,312492.3,-,-,95749.0,216798.4,-,-,-,-,312071.5,-,-,-,-,-,-,-,-,-,-,-,307315.7,-,-,-,-,-,-,-,-,
"C2417",63454.0,-,-,-,-,-,-,-,-,-,-,-,-,-,-,21489.6,-,-,-,10650.5,-,-,-,-,9824.3,-,-,-,-,-,-,-,-,-,-,-,21489.6,-,-,-,-,-,-,-,-,
"C24170",63454.0,-,-,-,-,-,-,-,-,-,-,-,-,-,-,21489.6,-,-,-,10650.5,-,-,-,-,9824.3,-,-,-,-,-,-,-,-,-,-,-,21489.6,-,-,-,-,-,-,-,-,
"C242",305848.9,73679.2,x,28875.0,x,x,6868.2,8812.4,x,x,-,-,-,-,-,74818.6,-,-,-,43646.5,-,-,-,-,42786.6,-,-,-,-,-,-,-,-,-,-,-,70918.0,-,-,-,-,-,-,-,-,
"C2420",305848.9,73679.2,x,28875.0,x,x,6868.2,8812.4,x,x,-,-,-,-,-,74818.6,-,-,-,43646.5,-,-,-,-,42786.6,-,-,-,-,-,-,-,-,-,-,-,70918.0,-,-,-,-,-,-,-,-,
"C24200",305848.9,73679.2,x,28875.0,x,x,6868.2,8812.4,x,x,-,-,-,-,-,74818.6,-,-,-,43646.5,-,-,-,-,42786.6,-,-,-,-,-,-,-,-,-,-,-,70918.0,-,-,-,-,-,-,-,-,
"C243",x,398305.7,54185.9,45227.2,52018.7,68641.5,27168.7,40055.9,70133.0,40874.8,-,-,-,-,-,274597.4,-,-,-,x,-,-,-,-,416981.4,-,-,-,-,-,-,-,-,-,-,-,39745.2,364366.6,x,x,28108.0,262902.4,17196.1,x,-,
"C2430",x,398305.7,54185.9,45227.2,52018.7,68641.5,27168.7,40055.9,70133.0,40874.8,-,-,-,-,-,274597.4,-,-,-,x,-,-,-,-,416981.4,-,-,-,-,-,-,-,-,-,-,-,39745.2,364366.6,x,x,28108.0,262902.4,17196.1,x,-,
"C24300",x,398305.7,54185.9,45227.2,52018.7,68641.5,27168.7,40055.9,70133.0,40874.8,-,-,-,-,-,274597.4,-,-,-,x,-,-,-,-,416981.4,-,-,-,-,-,-,-,-,-,-,-,39745.2,364366.6,x,x,28108.0,262902.4,17196.1,x,-,
"C244",3126829.2,629622.4,72945.4,51216.2,237348.6,58270.4,25738.9,58585.2,115457.1,10060.6,-,-,-,-,-,596987.1,-,-,-,653374.0,-,-,-,-,635213.2,-,-,-,-,-,-,-,-,-,-,-,-,611632.5,x,x,129005.6,363943.4,93713.2,x,-,
"C2442",3126829.2,629622.4,72945.4,51216.2,237348.6,58270.4,25738.9,58585.2,115457.1,10060.6,-,-,-,-,-,596987.1,-,-,-,653374.0,-,-,-,-,635213.2,-,-,-,-,-,-,-,-,-,-,-,-,611632.5,x,x,129005.6,363943.4,93713.2,x,-,
"C24420",3126829.2,629622.4,72945.4,51216.2,237348.6,58270.4,25738.9,58585.2,115457.1,10060.6,-,-,-,-,-,596987.1,-,-,-,653374.0,-,-,-,-,635213.2,-,-,-,-,-,-,-,-,-,-,-,-,611632.5,x,x,129005.6,363943.4,93713.2,x,-,
"C245",1545652.3,314978.1,65446.4,14165.8,39540.6,37280.5,20186.7,37985.5,41231.9,59140.7,-,-,-,-,-,252849.2,-,-,-,323139.6,-,-,-,-,320274.2,-,-,-,-,-,-,-,-,-,-,-,-,334411.2,x,x,73678.4,118378.8,50126.6,x,-,
"C2451",729189.4,137960.4,29259.6,x,x,6043.8,x,21629.3,31094.8,37072.8,-,-,-,-,-,148468.5,-,-,-,145212.3,-,-,-,-,150402.1,-,-,-,-,-,-,-,-,-,-,-,-,147146.1,-,x,x,39116.2,x,x,-,
"C24510",729189.4,137960.4,29259.6,x,x,6043.8,x,21629.3,31094.8,37072.8,-,-,-,-,-,148468.5,-,-,-,145212.3,-,-,-,-,150402.1,-,-,-,-,-,-,-,-,-,-,-,-,147146.1,-,x,x,39116.2,x,x,-,
"C2452",816462.9,177017.7,36186.8,x,x,31236.7,x,16356.2,10137.1,22067.9,-,-,-,-,-,104380.7,-,-,-,177927.3,-,-,-,-,169872.1,-,-,-,-,-,-,-,-,-,-,-,-,187265.1,x,-,x,79262.6,x,x,-,
"C24520",816462.9,177017.7,36186.8,x,x,31236.7,x,16356.2,10137.1,22067.9,-,-,-,-,-,104380.7,-,-,-,177927.3,-,-,-,-,169872.1,-,-,-,-,-,-,-,-,-,-,-,-,187265.1,x,-,x,79262.6,x,x,-,
"C246",1817610.2,370890.1,23207.8,4194.1,97339.2,12369.5,89883.4,23358.5,62152.9,58384.7,-,-,-,-,-,358257.6,-,-,-,373302.2,-,-,-,-,361052.9,-,-,-,-,-,-,-,-,-,-,-,-,354107.4,x,x,94385.4,154945.0,78995.5,x,-,
"C2461",18984.7,x,x,-,-,-,-,x,-,-,-,-,-,-,-,11746.0,-,-,-,3917.1,-,-,-,-,x,-,-,-,-,-,-,-,-,-,-,-,-,-,-,-,-,-,-,-,-,
"C24610",18984.7,x,x,-,-,-,-,x,-,-,-,-,-,-,-,11746.0,-,-,-,3917.1,-,-,-,-,x,-,-,-,-,-,-,-,-,-,-,-,-,-,-,-,-,-,-,-,-,
"C2462",422792.6,x,-,4194.1,x,8510.7,x,x,25551.6,-,-,-,-,-,-,x,-,-,-,86753.9,-,-,-,-,x,-,-,-,-,-,-,-,-,-,-,-,-,x,x,x,x,x,x,x,-,
"C24620",422792.6,x,-,4194.1,x,8510.7,x,x,25551.6,-,-,-,-,-,-,x,-,-,-,86753.9,-,-,-,-,x,-,-,-,-,-,-,-,-,-,-,-,-,x,x,x,x,x,x,x,-,
"C2464",786418.2,160801.0,-,-,x,-,x,-,x,-,-,-,-,-,-,x,-,-,-,159441.2,-,-,-,-,153969.5,-,-,-,-,-,-,-,-,-,-,-,-,x,-,-,x,x,x,-,-,
"C24640",786418.2,160801.0,-,-,x,-,x,-,x,-,-,-,-,-,-,x,-,-,-,159441.2,-,-,-,-,153969.5,-,-,-,-,-,-,-,-,-,-,-,-,x,-,-,x,x,x,-,-,
"C2465",56458.6,x,x,-,-,-,-,-,-,-,-,-,-,-,-,x,-,-,-,13675.2,-,-,-,-,x,-,-,-,-,-,-,-,-,-,-,-,-,x,-,-,-,-,-,x,-,
"C24650",56458.6,x,x,-,-,-,-,-,-,-,-,-,-,-,-,x,-,-,-,13675.2,-,-,-,-,x,-,-,-,-,-,-,-,-,-,-,-,-,x,-,-,-,-,-,x,-,
"C2466",532956.1,x,x,-,18866.2,3858.8,x,x,x,58384.7,-,-,-,-,-,x,-,-,-,109514.8,-,-,-,-,115702.5,-,-,-,-,-,-,-,-,-,-,-,-,100492.0,-,-,60079.0,28294.2,12118.8,-,-,
"C24660",532956.1,x,x,-,18866.2,3858.8,x,x,x,58384.7,-,-,-,-,-,x,-,-,-,109514.8,-,-,-,-,115702.5,-,-,-,-,-,-,-,-,-,-,-,-,100492.0,-,-,60079.0,28294.2,12118.8,-,-,
"C247",x,456755.3,x,160310.7,x,-,131086.4,63012.0,x,-,-,-,-,-,-,x,-,-,-,457018.3,-,-,-,-,416414.1,-,-,-,-,-,-,-,-,-,-,-,-,x,-,-,x,115849.0,242309.0,-,-,
"C2470",x,456755.3,x,160310.7,x,-,131086.4,63012.0,x,-,-,-,-,-,-,x,-,-,-,457018.3,-,-,-,-,416414.1,-,-,-,-,-,-,-,-,-,-,-,-,x,-,-,x,115849.0,242309.0,-,-,
"C24700",x,456755.3,x,160310.7,x,-,131086.4,63012.0,x,-,-,-,-,-,-,x,-,-,-,457018.3,-,-,-,-,416414.1,-,-,-,-,-,-,-,-,-,-,-,-,x,-,-,x,115849.0,242309.0,-,-,
"C25",7762721.0,359070.9,50151.2,27401.2,68894.9,2262.8,30945.4,50253.0,19570.0,109592.4,1249055.5,-,-,-,-,109886.5,1458213.4,-,-,339984.2,1180350.1,-,-,-,1055118.8,406839.9,-,-,-,-,-,-,-,-,-,-,-,1604201.7,60537.4,43952.8,265509.5,660811.4,309285.6,264105.0,-,
"C250",13970.9,-,-,-,-,-,-,-,-,-,-,-,-,-,-,13970.9,-,-,-,-,-,-,-,-,-,-,-,-,-,-,-,-,-,-,-,-,-,-,-,-,-,-,-,-,-,
"C2500",13970.9,-,-,-,-,-,-,-,-,-,-,-,-,-,-,13970.9,-,-,-,-,-,-,-,-,-,-,-,-,-,-,-,-,-,-,-,-,-,-,-,-,-,-,-,-,-,
"C25000",13970.9,-,-,-,-,-,-,-,-,-,-,-,-,-,-,13970.9,-,-,-,-,-,-,-,-,-,-,-,-,-,-,-,-,-,-,-,-,-,-,-,-,-,-,-,-,-,
"C251",1276112.0,249177.2,41797.5,16445.4,45091.8,1949.3,11658.0,24849.6,13214.3,94171.3,-,-,-,-,-,95915.6,193819.1,-,-,244265.0,-,-,-,-,218805.0,-,-,-,-,-,-,-,-,-,-,-,-,274130.1,x,169.1,54897.9,x,20785.1,x,-,
"C2511",454620.1,x,-,-,x,-,-,-,x,x,-,-,-,-,-,95400.8,-,-,-,103145.9,-,-,-,-,92089.8,-,-,-,-,-,-,-,-,-,-,-,-,x,x,-,-,x,-,x,-,
"C25110",454620.1,x,-,-,x,-,-,-,x,x,-,-,-,-,-,95400.8,-,-,-,103145.9,-,-,-,-,92089.8,-,-,-,-,-,-,-,-,-,-,-,-,x,x,-,-,x,-,x,-,
"C2512",56841.7,x,218.7,1243.1,4262.8,x,x,714.7,x,3091.6,-,-,-,-,-,514.8,18254.3,-,-,5385.2,-,-,-,-,4717.5,-,-,-,-,-,-,-,-,-,-,-,-,x,x,169.1,1952.1,x,2957.7,x,-,
"C25120",56841.7,x,218.7,1243.1,4262.8,x,x,714.7,x,3091.6,-,-,-,-,-,514.8,18254.3,-,-,5385.2,-,-,-,-,4717.5,-,-,-,-,-,-,-,-,-,-,-,-,x,x,169.1,1952.1,x,2957.7,x,-,
"C2513",764650.2,x,41578.8,15202.3,x,x,x,24134.9,x,x,-,-,-,-,-,-,175564.8,-,-,135733.9,-,-,-,-,121997.7,-,-,-,-,-,-,-,-,-,-,-,-,x,-,-,52945.8,77171.7,17827.4,x,-,
"C25130",764650.2,x,41578.8,15202.3,x,x,x,24134.9,x,x,-,-,-,-,-,-,175564.8,-,-,135733.9,-,-,-,-,121997.7,-,-,-,-,-,-,-,-,-,-,-,-,x,-,-,52945.8,77171.7,17827.4,x,-,
"C252",6472638.1,109893.7,8353.7,10955.8,23803.1,313.5,19287.4,25403.4,6355.7,15421.1,1249055.5,-,-,-,-,-,1264394.3,-,-,95719.2,1180350.1,-,-,-,836313.8,406839.9,-,-,-,-,-,-,-,-,-,-,-,1330071.6,x,43783.7,210611.6,x,288500.5,x,-,
"C2521",1676855.4,109893.7,8353.7,10955.8,23803.1,313.5,19287.4,25403.4,6355.7,15421.1,231652.9,-,-,-,-,-,333593.5,-,-,95719.2,212651.7,-,-,-,353633.1,-,-,-,-,-,-,-,-,-,-,-,-,339711.3,10038.6,-,53956.5,141740.3,72695.3,61280.6,-,
"C25210",1676855.4,109893.7,8353.7,10955.8,23803.1,313.5,19287.4,25403.4,6355.7,15421.1,231652.9,-,-,-,-,-,333593.5,-,-,95719.2,212651.7,-,-,-,353633.1,-,-,-,-,-,-,-,-,-,-,-,-,339711.3,10038.6,-,53956.5,141740.3,72695.3,61280.6,-,
"C2522",1499020.3,-,-,-,-,-,-,-,-,-,313241.5,-,-,-,-,-,279299.3,-,-,-,297887.2,-,-,-,291519.8,-,-,-,-,-,-,-,-,-,-,-,-,317072.5,x,-,60464.9,x,75737.2,x,-,
"C25220",1499020.3,-,-,-,-,-,-,-,-,-,313241.5,-,-,-,-,-,279299.3,-,-,-,297887.2,-,-,-,291519.8,-,-,-,-,-,-,-,-,-,-,-,-,317072.5,x,-,60464.9,x,75737.2,x,-,
"C2523",1373274.0,-,-,-,-,-,-,-,-,-,292371.0,-,-,-,-,-,298416.5,-,-,-,275035.1,-,-,-,191160.9,18136.5,-,-,-,-,-,-,-,-,-,-,-,298154.0,x,x,58914.0,145662.0,45010.3,x,-,
"C25230",1373274.0,-,-,-,-,-,-,-,-,-,292371.0,-,-,-,-,-,298416.5,-,-,-,275035.1,-,-,-,191160.9,18136.5,-,-,-,-,-,-,-,-,-,-,-,298154.0,x,x,58914.0,145662.0,45010.3,x,-,
"C2524",1923488.4,-,-,-,-,-,-,-,-,-,411790.1,-,-,-,-,-,353085.0,-,-,-,394776.1,-,-,-,-,388703.4,-,-,-,-,-,-,-,-,-,-,-,375133.8,x,x,37276.2,153948.4,95057.7,49042.1,-,
"C25240",1923488.4,-,-,-,-,-,-,-,-,-,411790.1,-,-,-,-,-,353085.0,-,-,-,394776.1,-,-,-,-,388703.4,-,-,-,-,-,-,-,-,-,-,-,375133.8,x,x,37276.2,153948.4,95057.7,49042.1,-,
"C26",7175146.7,-,-,-,-,-,-,-,-,-,1051704.4,420684.9,-,-,-,-,788524.6,x,-,-,1397108.9,-,-,-,-,1160974.6,x,x,x,x,x,x,76576.4,11861.4,x,-,-,1455589.9,55373.3,132318.6,229763.5,536986.7,301360.6,199787.2,-,
"C260",75092.8,-,-,-,-,-,-,-,-,-,-,-,-,-,-,-,75092.8,-,-,-,-,-,-,-,-,-,-,-,-,-,-,-,-,-,-,-,-,-,-,-,-,-,-,-,-,
"C2600",75092.8,-,-,-,-,-,-,-,-,-,-,-,-,-,-,-,75092.8,-,-,-,-,-,-,-,-,-,-,-,-,-,-,-,-,-,-,-,-,-,-,-,-,-,-,-,-,
"C26000",75092.8,-,-,-,-,-,-,-,-,-,-,-,-,-,-,-,75092.8,-,-,-,-,-,-,-,-,-,-,-,-,-,-,-,-,-,-,-,-,-,-,-,-,-,-,-,-,
"C261",1417853.7,-,-,-,-,-,-,-,-,-,279251.1,-,-,-,-,-,289114.4,-,-,-,291326.1,-,-,-,-,276656.7,-,-,-,-,-,-,-,-,-,-,-,281505.4,x,x,x,38917.3,x,x,-,
"C2611",221542.5,-,-,-,-,-,-,-,-,-,43709.6,-,-,-,-,-,49687.3,-,-,-,41710.6,-,-,-,-,40144.8,-,-,-,-,-,-,-,-,-,-,-,46290.2,-,44437.2,-,1853.0,-,-,-,
"C26110",221542.5,-,-,-,-,-,-,-,-,-,43709.6,-,-,-,-,-,49687.3,-,-,-,41710.6,-,-,-,-,40144.8,-,-,-,-,-,-,-,-,-,-,-,46290.2,-,44437.2,-,1853.0,-,-,-,
"C2612",257731.0,-,-,-,-,-,-,-,-,-,48945.3,-,-,-,-,-,40803.4,-,-,-,67438.1,-,-,-,-,54031.7,-,-,-,-,-,-,-,-,-,-,-,46512.5,x,-,x,x,x,x,-,
"C26120",257731.0,-,-,-,-,-,-,-,-,-,48945.3,-,-,-,-,-,40803.4,-,-,-,67438.1,-,-,-,-,54031.7,-,-,-,-,-,-,-,-,-,-,-,46512.5,x,-,x,x,x,x,-,
"C2613",524877.7,-,-,-,-,-,-,-,-,-,108167.6,-,-,-,-,-,98450.1,-,-,-,107265.7,-,-,-,-,x,-,-,-,-,-,-,-,-,-,-,-,x,-,x,x,x,-,-,-,
"C26130",524877.7,-,-,-,-,-,-,-,-,-,108167.6,-,-,-,-,-,98450.1,-,-,-,107265.7,-,-,-,-,x,-,-,-,-,-,-,-,-,-,-,-,x,-,x,x,x,-,-,-,
"C2614",364572.9,-,-,-,-,-,-,-,-,-,68457.8,-,-,-,-,-,92513.2,-,-,-,67609.1,-,-,-,-,x,-,-,-,-,-,-,-,-,-,-,-,x,x,x,-,-,x,-,-,
"C26140",364572.9,-,-,-,-,-,-,-,-,-,68457.8,-,-,-,-,-,92513.2,-,-,-,67609.1,-,-,-,-,x,-,-,-,-,-,-,-,-,-,-,-,x,x,x,-,-,x,-,-,
"C2615",49129.6,-,-,-,-,-,-,-,-,-,9970.8,-,-,-,-,-,7660.4,-,-,-,7302.6,-,-,-,-,13302.5,-,-,-,-,-,-,-,-,-,-,-,10893.3,-,-,4263.6,1527.9,5101.8,-,-,
"C26150",49129.6,-,-,-,-,-,-,-,-,-,9970.8,-,-,-,-,-,7660.4,-,-,-,7302.6,-,-,-,-,13302.5,-,-,-,-,-,-,-,-,-,-,-,10893.3,-,-,4263.6,1527.9,5101.8,-,-,
"C262",442597.8,-,-,-,-,-,-,-,-,-,97116.8,-,-,-,-,-,80752.3,-,-,-,86521.9,-,-,-,-,x,-,-,-,-,-,-,-,-,-,-,-,x,x,x,x,19465.2,x,x,-,
"C2621",140596.9,-,-,-,-,-,-,-,-,-,34860.0,-,-,-,-,-,x,-,-,-,26013.8,-,-,-,-,23006.8,-,-,-,-,-,-,-,-,-,-,-,x,x,-,x,x,x,x,-,
"C26210",140596.9,-,-,-,-,-,-,-,-,-,34860.0,-,-,-,-,-,x,-,-,-,26013.8,-,-,-,-,23006.8,-,-,-,-,-,-,-,-,-,-,-,x,x,-,x,x,x,x,-,
"C2622",253711.4,-,-,-,-,-,-,-,-,-,x,-,-,-,-,-,x,-,-,-,x,-,-,-,-,x,-,-,-,-,-,-,-,-,-,-,-,x,-,x,-,-,x,-,-,
"C26220",253711.4,-,-,-,-,-,-,-,-,-,x,-,-,-,-,-,x,-,-,-,x,-,-,-,-,x,-,-,-,-,-,-,-,-,-,-,-,x,-,x,-,-,x,-,-,
"C2623",5142.5,-,-,-,-,-,-,-,-,-,x,-,-,-,-,-,x,-,-,-,x,-,-,-,-,-,-,-,-,-,-,-,-,-,-,-,-,x,-,-,-,-,x,-,-,
"C26230",5142.5,-,-,-,-,-,-,-,-,-,x,-,-,-,-,-,x,-,-,-,x,-,-,-,-,-,-,-,-,-,-,-,-,-,-,-,-,x,-,-,-,-,x,-,-,
"C2626",43147.0,-,-,-,-,-,-,-,-,-,x,-,-,-,-,-,x,-,-,-,x,-,-,-,-,x,-,-,-,-,-,-,-,-,-,-,-,x,-,-,-,x,-,-,-,
"C26260",43147.0,-,-,-,-,-,-,-,-,-,x,-,-,-,-,-,x,-,-,-,x,-,-,-,-,x,-,-,-,-,-,-,-,-,-,-,-,x,-,-,-,x,-,-,-,
"C263",234515.8,-,-,-,-,-,-,-,-,-,44281.6,-,-,-,-,-,50112.6,-,-,-,48506.9,-,-,-,-,42943.7,-,-,-,-,-,-,-,-,-,-,-,48671.0,-,-,x,x,x,-,-,
"C2630",234515.8,-,-,-,-,-,-,-,-,-,44281.6,-,-,-,-,-,50112.6,-,-,-,48506.9,-,-,-,-,42943.7,-,-,-,-,-,-,-,-,-,-,-,48671.0,-,-,x,x,x,-,-,
"C26300",234515.8,-,-,-,-,-,-,-,-,-,44281.6,-,-,-,-,-,50112.6,-,-,-,48506.9,-,-,-,-,42943.7,-,-,-,-,-,-,-,-,-,-,-,48671.0,-,-,x,x,x,-,-,
"C264",680081.6,-,-,-,-,-,-,-,-,-,150096.9,-,-,-,-,-,122731.3,-,-,-,129787.8,-,-,-,-,132553.5,-,-,-,-,-,-,-,-,-,-,-,144912.1,6158.5,-,17060.5,78323.0,20041.7,23328.4,-,
"C2640",680081.6,-,-,-,-,-,-,-,-,-,150096.9,-,-,-,-,-,122731.3,-,-,-,129787.8,-,-,-,-,132553.5,-,-,-,-,-,-,-,-,-,-,-,144912.1,6158.5,-,17060.5,78323.0,20041.7,23328.4,-,
"C26400",680081.6,-,-,-,-,-,-,-,-,-,150096.9,-,-,-,-,-,122731.3,-,-,-,129787.8,-,-,-,-,132553.5,-,-,-,-,-,-,-,-,-,-,-,144912.1,6158.5,-,17060.5,78323.0,20041.7,23328.4,-,
"C265",175296.5,-,-,-,-,-,-,-,-,-,35076.7,-,-,-,-,-,39280.0,-,-,-,32185.8,-,-,-,-,x,-,-,-,-,-,-,-,-,-,-,-,x,-,-,-,x,x,-,-,
"C2651",168960.9,-,-,-,-,-,-,-,-,-,33228.8,-,-,-,-,-,x,-,-,-,31076.0,-,-,-,-,x,-,-,-,-,-,-,-,-,-,-,-,x,-,-,-,x,x,-,-,
"C26510",168960.9,-,-,-,-,-,-,-,-,-,33228.8,-,-,-,-,-,x,-,-,-,31076.0,-,-,-,-,x,-,-,-,-,-,-,-,-,-,-,-,x,-,-,-,x,x,-,-,
"C2652",6335.6,-,-,-,-,-,-,-,-,-,1847.9,-,-,-,-,-,x,-,-,-,1109.8,-,-,-,-,x,-,-,-,-,-,-,-,-,-,-,-,x,-,-,-,x,-,-,-,
"C26520",6335.6,-,-,-,-,-,-,-,-,-,1847.9,-,-,-,-,-,x,-,-,-,1109.8,-,-,-,-,x,-,-,-,-,-,-,-,-,-,-,-,x,-,-,-,x,-,-,-,
"C266",3314021.3,-,-,-,-,-,-,-,-,-,445881.3,241438.4,-,-,-,-,131441.2,516800.1,-,-,652495.3,-,-,-,-,594346.4,57289.9,9194.7,x,x,x,x,23278.8,6421.8,x,-,-,674328.7,20291.4,16415.9,125874.4,315556.6,104976.6,91213.8,-,
"C2661",2720341.1,-,-,-,-,-,-,-,-,-,445881.3,113566.1,-,-,-,-,131441.2,392312.4,-,-,539675.3,-,-,-,-,544276.5,-,-,-,-,-,-,-,-,-,-,-,553188.3,16739.8,16415.9,85762.5,273975.3,87824.6,72470.2,-,
"C26611",2484892.7,-,-,-,-,-,-,-,-,-,445881.3,65879.6,-,-,-,-,131441.2,351720.5,-,-,491560.2,-,-,-,-,493474.5,-,-,-,-,-,-,-,-,-,-,-,504935.4,16739.8,16415.9,66620.5,252305.1,87824.6,65029.5,-,
"C26612",235448.4,-,-,-,-,-,-,-,-,-,-,47686.5,-,-,-,-,-,40591.9,-,-,48115.1,-,-,-,-,50802.0,-,-,-,-,-,-,-,-,-,-,-,48252.9,-,-,19142.0,21670.2,-,7440.7,-,
"C2662",97767.8,-,-,-,-,-,-,-,-,-,-,23799.6,-,-,-,-,-,15813.6,-,-,19953.8,-,-,-,-,18166.5,-,-,-,-,-,-,-,-,-,-,-,20034.3,-,-,8933.1,-,6689.1,4412.1,-,
"C26620",97767.8,-,-,-,-,-,-,-,-,-,-,23799.6,-,-,-,-,-,15813.6,-,-,19953.8,-,-,-,-,18166.5,-,-,-,-,-,-,-,-,-,-,-,20034.3,-,-,8933.1,-,6689.1,4412.1,-,
"C2663",342212.7,-,-,-,-,-,-,-,-,-,-,71682.5,-,-,-,-,-,69058.7,-,-,67223.9,-,-,-,-,31903.4,37410.4,x,x,x,x,x,x,x,x,-,-,64933.8,x,-,x,x,10462.9,14331.5,-,
"C26630",342212.7,-,-,-,-,-,-,-,-,-,-,71682.5,-,-,-,-,-,69058.7,-,-,67223.9,-,-,-,-,31903.4,37410.4,x,x,x,x,x,x,x,x,-,-,64933.8,x,-,x,x,10462.9,14331.5,-,
"C2664",29087.5,-,-,-,-,-,-,-,-,-,-,5409.4,-,-,-,-,-,6246.8,-,-,x,-,-,-,-,-,x,-,-,-,x,-,x,x,-,-,-,5605.1,x,-,x,x,-,-,-,
"C26640",29087.5,-,-,-,-,-,-,-,-,-,-,5409.4,-,-,-,-,-,6246.8,-,-,x,-,-,-,-,-,x,-,-,-,x,-,x,x,-,-,-,5605.1,x,-,x,x,-,-,-,
"C2665",105998.3,-,-,-,-,-,-,-,-,-,-,23397.0,-,-,-,-,-,28264.5,-,-,x,-,-,-,-,-,x,x,-,x,-,-,x,-,-,-,-,26721.2,-,-,20867.0,5854.2,-,-,-,
"C26650",105998.3,-,-,-,-,-,-,-,-,-,-,23397.0,-,-,-,-,-,28264.5,-,-,x,-,-,-,-,-,x,x,-,x,-,-,x,-,-,-,-,26721.2,-,-,20867.0,5854.2,-,-,-,
"C2666",18613.9,-,-,-,-,-,-,-,-,-,-,3583.8,-,-,-,-,-,5104.1,-,-,x,-,-,-,-,-,x,-,-,-,x,-,-,x,-,-,-,3846.0,-,-,-,3846.0,-,-,-,
"C26660",18613.9,-,-,-,-,-,-,-,-,-,-,3583.8,-,-,-,-,-,5104.1,-,-,x,-,-,-,-,-,x,-,-,-,x,-,-,x,-,-,-,3846.0,-,-,-,3846.0,-,-,-,
"C267",87131.5,-,-,-,-,-,-,-,-,-,-,20929.0,-,-,-,-,-,x,-,-,15359.8,-,-,-,-,-,x,-,x,-,x,-,7716.6,3997.3,x,-,-,16596.4,x,-,x,x,-,x,-,
"C2670",87131.5,-,-,-,-,-,-,-,-,-,-,20929.0,-,-,-,-,-,x,-,-,15359.8,-,-,-,-,-,x,-,x,-,x,-,7716.6,3997.3,x,-,-,16596.4,x,-,x,x,-,x,-,
"C26700",87131.5,-,-,-,-,-,-,-,-,-,-,20929.0,-,-,-,-,-,x,-,-,15359.8,-,-,-,-,-,x,-,x,-,x,-,7716.6,3997.3,x,-,-,16596.4,x,-,x,x,-,x,-,
"C268",748555.7,-,-,-,-,-,-,-,-,-,-,158317.5,-,-,-,-,-,163666.4,-,-,140925.3,-,-,-,-,-,128556.7,x,-,-,62427.3,x,45581.0,1442.3,x,-,-,157089.8,5683.7,-,8187.2,54495.0,10479.4,78244.5,-,
"C2681",149226.5,-,-,-,-,-,-,-,-,-,-,28950.7,-,-,-,-,-,30503.2,-,-,30086.1,-,-,-,-,-,30788.7,x,-,-,x,-,x,-,-,-,-,28897.8,x,-,-,x,-,x,-,
"C26810",149226.5,-,-,-,-,-,-,-,-,-,-,28950.7,-,-,-,-,-,30503.2,-,-,30086.1,-,-,-,-,-,30788.7,x,-,-,x,-,x,-,-,-,-,28897.8,x,-,-,x,-,x,-,
"C2682",599329.2,-,-,-,-,-,-,-,-,-,-,129366.8,-,-,-,-,-,133163.2,-,-,110839.2,-,-,-,-,-,97768.0,x,-,-,x,x,x,1442.3,x,-,-,128192.0,x,-,8187.2,x,10479.4,x,-,
"C26820",599329.2,-,-,-,-,-,-,-,-,-,-,129366.8,-,-,-,-,-,133163.2,-,-,110839.2,-,-,-,-,-,97768.0,x,-,-,x,x,x,1442.3,x,-,-,128192.0,x,-,8187.2,x,10479.4,x,-,
"C27",x,-,-,-,-,-,-,-,-,-,-,1554470.3,-,-,-,-,-,x,-,-,1408841.0,-,-,-,-,-,x,65284.0,36696.4,35113.6,145549.4,34787.7,279869.3,18941.1,x,-,-,x,37956.3,2745.6,x,222754.6,194249.2,125940.0,-,
"C270",11335.3,-,-,-,-,-,-,-,-,-,-,-,-,-,-,-,-,11335.3,-,-,-,-,-,-,-,-,-,-,-,-,-,-,-,-,-,-,-,-,-,-,-,-,-,-,-,
"C2700",11335.3,-,-,-,-,-,-,-,-,-,-,-,-,-,-,-,-,11335.3,-,-,-,-,-,-,-,-,-,-,-,-,-,-,-,-,-,-,-,-,-,-,-,-,-,-,-,
"C27000",11335.3,-,-,-,-,-,-,-,-,-,-,-,-,-,-,-,-,11335.3,-,-,-,-,-,-,-,-,-,-,-,-,-,-,-,-,-,-,-,-,-,-,-,-,-,-,-,
"C271",x,-,-,-,-,-,-,-,-,-,-,791287.3,-,-,-,-,-,x,-,-,679638.4,-,-,-,-,-,x,x,-,x,x,-,-,-,x,-,-,x,-,-,x,x,x,-,-,
"C2710",x,-,-,-,-,-,-,-,-,-,-,791287.3,-,-,-,-,-,x,-,-,679638.4,-,-,-,-,-,x,x,-,x,x,-,-,-,x,-,-,x,-,-,x,x,x,-,-,
"C27100",x,-,-,-,-,-,-,-,-,-,-,791287.3,-,-,-,-,-,x,-,-,679638.4,-,-,-,-,-,x,x,-,x,x,-,-,-,x,-,-,x,-,-,x,x,x,-,-,
"C272",348516.5,-,-,-,-,-,-,-,-,-,-,74921.2,-,-,-,-,-,72839.2,-,-,61627.4,-,-,-,-,-,x,x,x,x,x,x,25675.1,x,x,-,-,x,-,-,x,x,x,x,-,
"C2722",348516.5,-,-,-,-,-,-,-,-,-,-,74921.2,-,-,-,-,-,72839.2,-,-,61627.4,-,-,-,-,-,x,x,x,x,x,x,25675.1,x,x,-,-,x,-,-,x,x,x,x,-,
"C27220",348516.5,-,-,-,-,-,-,-,-,-,-,74921.2,-,-,-,-,-,72839.2,-,-,61627.4,-,-,-,-,-,x,x,x,x,x,x,25675.1,x,x,-,-,x,-,-,x,x,x,x,-,
"C273",62628.9,-,-,-,-,-,-,-,-,-,-,11397.1,-,-,-,-,-,x,-,-,12879.0,-,-,-,-,-,22937.4,x,x,x,4108.5,-,3622.7,-,-,-,-,x,-,-,-,-,x,x,-,
"C2733",30713.7,-,-,-,-,-,-,-,-,-,-,x,-,-,-,-,-,x,-,-,7321.8,-,-,-,-,-,7731.2,-,-,-,4108.5,-,3622.7,-,-,-,-,x,-,-,-,-,x,-,-,
"C27330",30713.7,-,-,-,-,-,-,-,-,-,-,x,-,-,-,-,-,x,-,-,7321.8,-,-,-,-,-,7731.2,-,-,-,4108.5,-,3622.7,-,-,-,-,x,-,-,-,-,x,-,-,
"C2734",31915.2,-,-,-,-,-,-,-,-,-,-,x,-,-,-,-,-,x,-,-,5557.2,-,-,-,-,-,15206.2,x,x,x,-,-,-,-,-,-,-,x,-,-,-,-,-,x,-,
"C27340",31915.2,-,-,-,-,-,-,-,-,-,-,x,-,-,-,-,-,x,-,-,5557.2,-,-,-,-,-,15206.2,x,x,x,-,-,-,-,-,-,-,x,-,-,-,-,-,x,-,
"C274",2091595.6,-,-,-,-,-,-,-,-,-,-,421890.0,-,-,-,-,-,416420.8,-,-,410779.6,-,-,-,-,-,417514.6,x,20073.3,x,x,x,150061.6,x,x,-,-,424990.6,x,-,163676.3,x,111185.8,x,-,
"C2741",16932.0,-,-,-,-,-,-,-,-,-,-,3795.2,-,-,-,-,-,x,-,-,3261.6,-,-,-,-,-,3357.4,-,-,-,-,2135.1,-,-,1222.3,-,-,x,-,-,-,-,x,x,-,
"C27410",16932.0,-,-,-,-,-,-,-,-,-,-,3795.2,-,-,-,-,-,x,-,-,3261.6,-,-,-,-,-,3357.4,-,-,-,-,2135.1,-,-,1222.3,-,-,x,-,-,-,-,x,x,-,
"C2742",1583948.3,-,-,-,-,-,-,-,-,-,-,324959.8,-,-,-,-,-,x,-,-,312069.2,-,-,-,-,-,320460.7,x,20073.3,x,x,x,x,x,x,-,-,x,x,-,x,x,x,x,-,
"C27420",1583948.3,-,-,-,-,-,-,-,-,-,-,324959.8,-,-,-,-,-,x,-,-,312069.2,-,-,-,-,-,320460.7,x,20073.3,x,x,x,x,x,x,-,-,x,x,-,x,x,x,x,-,
"C2743",261390.6,-,-,-,-,-,-,-,-,-,-,48321.0,-,-,-,-,-,58434.9,-,-,48765.9,-,-,-,-,-,46640.7,-,-,-,x,x,x,-,-,-,-,59228.1,-,-,x,x,x,x,-,
"C27430",261390.6,-,-,-,-,-,-,-,-,-,-,48321.0,-,-,-,-,-,58434.9,-,-,48765.9,-,-,-,-,-,46640.7,-,-,-,x,x,x,-,-,-,-,59228.1,-,-,x,x,x,x,-,
"C2744",229324.7,-,-,-,-,-,-,-,-,-,-,44814.0,-,-,-,-,-,x,-,-,46682.9,-,-,-,-,-,47055.8,-,-,-,-,-,15092.0,-,31963.8,-,-,x,-,-,x,x,-,-,-,
"C27440",229324.7,-,-,-,-,-,-,-,-,-,-,44814.0,-,-,-,-,-,x,-,-,46682.9,-,-,-,-,-,47055.8,-,-,-,-,-,15092.0,-,31963.8,-,-,x,-,-,x,x,-,-,-,
"C275",1267145.5,-,-,-,-,-,-,-,-,-,-,254974.7,-,-,-,-,-,266069.3,-,-,243916.6,-,-,-,-,-,231505.9,x,9890.1,x,45185.8,x,100509.9,x,x,-,-,270679.0,x,2745.6,x,x,x,40912.8,-,
"C2751",725286.8,-,-,-,-,-,-,-,-,-,-,145845.8,-,-,-,-,-,158783.5,-,-,x,-,-,-,-,-,x,x,-,x,x,-,61365.4,9902.5,x,-,-,155784.3,x,-,32630.0,40550.5,x,24260.5,-,
"C27510",725286.8,-,-,-,-,-,-,-,-,-,-,145845.8,-,-,-,-,-,158783.5,-,-,x,-,-,-,-,-,x,x,-,x,x,-,61365.4,9902.5,x,-,-,155784.3,x,-,32630.0,40550.5,x,24260.5,-,
"C2752",140972.8,-,-,-,-,-,-,-,-,-,-,27750.0,-,-,-,-,-,30142.0,-,-,x,-,-,-,-,-,x,-,x,-,x,-,x,-,-,-,-,30579.0,-,-,13805.0,14790.7,1983.3,-,-,
"C27520",140972.8,-,-,-,-,-,-,-,-,-,-,27750.0,-,-,-,-,-,30142.0,-,-,x,-,-,-,-,-,x,-,x,-,x,-,x,-,-,-,-,30579.0,-,-,13805.0,14790.7,1983.3,-,-,
"C2753",246277.9,-,-,-,-,-,-,-,-,-,-,51396.6,-,-,-,-,-,44654.3,-,-,48719.6,-,-,-,-,-,48871.1,-,x,-,x,x,x,x,x,-,-,52636.3,x,2745.6,x,x,x,x,-,
"C27530",246277.9,-,-,-,-,-,-,-,-,-,-,51396.6,-,-,-,-,-,44654.3,-,-,48719.6,-,-,-,-,-,48871.1,-,x,-,x,x,x,x,x,-,-,52636.3,x,2745.6,x,x,x,x,-,
"C2754",154608.0,-,-,-,-,-,-,-,-,-,-,29982.3,-,-,-,-,-,32489.5,-,-,x,-,-,-,-,-,x,-,x,x,x,-,-,x,x,-,-,31679.4,-,-,x,x,-,x,-,
"C27540",154608.0,-,-,-,-,-,-,-,-,-,-,29982.3,-,-,-,-,-,32489.5,-,-,x,-,-,-,-,-,x,-,x,x,x,-,-,x,x,-,-,31679.4,-,-,x,x,-,x,-,
"C28",17924729.5,343621.2,22615.9,39694.5,44761.5,24854.1,31354.1,59593.8,46150.8,74596.5,126114.3,1571451.1,1965717.0,846108.7,140468.7,205605.3,245499.7,187126.8,1093017.3,797146.9,3072421.6,2414490.8,167810.8,369097.1,156076.5,37417.6,3701413.1,374777.0,157149.7,389698.0,703873.7,356779.7,1006383.8,317213.9,395537.3,-,14852.2,469272.8,17436.9,31497.6,51850.2,235193.0,84176.9,49118.2,-,
"C280",51337.5,-,-,-,-,-,-,-,-,-,-,-,-,-,-,-,-,36496.1,14841.4,-,-,-,-,-,-,-,-,-,-,-,-,-,-,-,-,-,-,-,-,-,-,-,-,-,-,
"C2800",51337.5,-,-,-,-,-,-,-,-,-,-,-,-,-,-,-,-,36496.1,14841.4,-,-,-,-,-,-,-,-,-,-,-,-,-,-,-,-,-,-,-,-,-,-,-,-,-,-,
"C28000",51337.5,-,-,-,-,-,-,-,-,-,-,-,-,-,-,-,-,36496.1,14841.4,-,-,-,-,-,-,-,-,-,-,-,-,-,-,-,-,-,-,-,-,-,-,-,-,-,-,
"C281",6800411.9,343621.2,22615.9,39694.5,44761.5,24854.1,31354.1,59593.8,46150.8,74596.5,126114.3,1571451.1,x,x,x,x,4820.2,2948.0,947708.0,295554.4,1264980.3,x,x,7521.8,16750.8,x,1340670.7,141781.6,46644.1,177282.0,263832.8,102050.1,376903.1,85901.3,146275.7,-,14852.2,469272.8,17436.9,31497.6,51850.2,235193.0,84176.9,49118.2,-,
"C2810",2509.5,-,-,-,-,-,-,-,-,-,-,-,-,-,-,-,-,-,2509.5,-,-,-,-,-,-,-,-,-,-,-,-,-,-,-,-,-,-,-,-,-,-,-,-,-,-,
"C28100",2509.5,-,-,-,-,-,-,-,-,-,-,-,-,-,-,-,-,-,2509.5,-,-,-,-,-,-,-,-,-,-,-,-,-,-,-,-,-,-,-,-,-,-,-,-,-,-,
"C2811",5879516.6,343621.2,22615.9,39694.5,44761.5,24854.1,31354.1,59593.8,46150.8,74596.5,22620.4,1519653.3,x,x,x,x,4820.2,2948.0,945198.5,147639.9,1222584.7,x,x,7521.8,16750.8,x,1138829.4,104941.0,x,144947.6,198048.5,94041.2,326389.3,x,x,-,14852.2,469272.8,17436.9,31497.6,51850.2,235193.0,84176.9,49118.2,-,
"C28110",5879516.6,343621.2,22615.9,39694.5,44761.5,24854.1,31354.1,59593.8,46150.8,74596.5,22620.4,1519653.3,x,x,x,x,4820.2,2948.0,945198.5,147639.9,1222584.7,x,x,7521.8,16750.8,x,1138829.4,104941.0,x,144947.6,198048.5,94041.2,326389.3,x,x,-,14852.2,469272.8,17436.9,31497.6,51850.2,235193.0,84176.9,49118.2,-,
"C2812",918385.8,-,-,-,-,-,-,-,-,-,103493.9,51797.8,210863.9,-,-,-,-,-,-,147914.5,42395.6,160078.8,-,-,-,-,201841.3,36840.6,x,32334.4,65784.3,8008.9,50513.8,x,x,-,-,-,-,-,-,-,-,-,-,
"C28120",918385.8,-,-,-,-,-,-,-,-,-,103493.9,51797.8,210863.9,-,-,-,-,-,-,147914.5,42395.6,160078.8,-,-,-,-,201841.3,36840.6,x,32334.4,65784.3,8008.9,50513.8,x,x,-,-,-,-,-,-,-,-,-,-,
"C282",1803964.7,-,-,-,-,-,-,-,-,-,-,-,475552.1,179933.8,118254.9,-,-,-,-,303278.1,-,365365.4,-,-,-,-,361580.4,24606.9,26281.5,33698.2,87435.9,40230.6,81645.8,27776.4,39905.1,-,-,-,-,-,-,-,-,-,-,
"C2821",1293051.2,-,-,-,-,-,-,-,-,-,-,-,363742.7,179933.8,14306.6,-,-,-,-,206252.8,-,266068.7,-,-,-,-,262746.6,9869.1,x,x,69706.6,x,23657.9,27776.4,39905.1,-,-,-,-,-,-,-,-,-,-,
"C28210",1293051.2,-,-,-,-,-,-,-,-,-,-,-,363742.7,179933.8,14306.6,-,-,-,-,206252.8,-,266068.7,-,-,-,-,262746.6,9869.1,x,x,69706.6,x,23657.9,27776.4,39905.1,-,-,-,-,-,-,-,-,-,-,
"C2822",510913.5,-,-,-,-,-,-,-,-,-,-,-,111809.4,-,103948.3,-,-,-,-,97025.3,-,99296.7,-,-,-,-,98833.8,14737.8,x,x,17729.3,x,57987.9,-,-,-,-,-,-,-,-,-,-,-,-,
"C28220",510913.5,-,-,-,-,-,-,-,-,-,-,-,111809.4,-,103948.3,-,-,-,-,97025.3,-,99296.7,-,-,-,-,98833.8,14737.8,x,x,17729.3,x,57987.9,-,-,-,-,-,-,-,-,-,-,-,-,
"C283",476771.1,-,-,-,-,-,-,-,-,-,-,-,112150.5,-,x,x,-,-,-,70353.4,-,x,-,-,-,-,103104.1,x,-,x,x,-,x,x,38109.9,-,-,-,-,-,-,-,-,-,-,
"C2830",476771.1,-,-,-,-,-,-,-,-,-,-,-,112150.5,-,x,x,-,-,-,70353.4,-,x,-,-,-,-,103104.1,x,-,x,x,-,x,x,38109.9,-,-,-,-,-,-,-,-,-,-,
"C28300",476771.1,-,-,-,-,-,-,-,-,-,-,-,112150.5,-,x,x,-,-,-,70353.4,-,x,-,-,-,-,103104.1,x,-,x,x,-,x,x,38109.9,-,-,-,-,-,-,-,-,-,-,
"C284",1891337.2,-,-,-,-,-,-,-,-,-,-,-,384118.8,-,-,133295.1,240679.5,31982.8,-,101635.8,284818.6,358589.9,-,-,-,-,356216.7,60595.7,x,x,61483.1,38889.8,77306.3,x,47282.3,-,-,-,-,-,-,-,-,-,-,
"C2840",1891337.2,-,-,-,-,-,-,-,-,-,-,-,384118.8,-,-,133295.1,240679.5,31982.8,-,101635.8,284818.6,358589.9,-,-,-,-,356216.7,60595.7,x,x,61483.1,38889.8,77306.3,x,47282.3,-,-,-,-,-,-,-,-,-,-,
"C28400",1891337.2,-,-,-,-,-,-,-,-,-,-,-,384118.8,-,-,133295.1,240679.5,31982.8,-,101635.8,284818.6,358589.9,-,-,-,-,356216.7,60595.7,x,x,61483.1,38889.8,77306.3,x,47282.3,-,-,-,-,-,-,-,-,-,-,
"C285",1926613.7,-,-,-,-,-,-,-,-,-,-,-,418400.6,-,-,-,-,115699.9,130467.9,26325.2,428432.0,377555.1,-,-,-,-,429733.0,36549.6,24479.9,56250.4,69518.1,29364.2,116519.3,70229.3,26822.2,-,-,-,-,-,-,-,-,-,-,
"C2851",927992.7,-,-,-,-,-,-,-,-,-,-,-,197308.5,-,-,-,-,115699.9,69294.7,-,163719.5,187977.3,-,-,-,-,193992.8,19117.6,12824.7,24517.9,51467.8,14577.6,34959.1,20464.0,16064.1,-,-,-,-,-,-,-,-,-,-,
"C28510",927992.7,-,-,-,-,-,-,-,-,-,-,-,197308.5,-,-,-,-,115699.9,69294.7,-,163719.5,187977.3,-,-,-,-,193992.8,19117.6,12824.7,24517.9,51467.8,14577.6,34959.1,20464.0,16064.1,-,-,-,-,-,-,-,-,-,-,
"C2852",998621.0,-,-,-,-,-,-,-,-,-,-,-,221092.1,-,-,-,-,-,61173.2,26325.2,264712.5,189577.8,-,-,-,-,235740.2,17432.0,11655.2,31732.5,18050.3,14786.6,81560.2,49765.3,10758.1,-,-,-,-,-,-,-,-,-,-,
"C28520",998621.0,-,-,-,-,-,-,-,-,-,-,-,221092.1,-,-,-,-,-,61173.2,26325.2,264712.5,189577.8,-,-,-,-,235740.2,17432.0,11655.2,31732.5,18050.3,14786.6,81560.2,49765.3,10758.1,-,-,-,-,-,-,-,-,-,-,
"C286",1347914.8,-,-,-,-,-,-,-,-,-,-,-,277825.1,-,-,-,-,-,-,-,359843.8,327182.6,124842.6,-,-,-,258220.7,x,x,x,x,15070.5,x,x,28852.2,-,-,-,-,-,-,-,-,-,-,
"C2861",118961.7,-,-,-,-,-,-,-,-,-,-,-,23821.6,-,-,-,-,-,-,-,50141.3,19105.9,-,-,-,-,25892.9,-,-,-,x,-,x,-,x,-,-,-,-,-,-,-,-,-,-,
"C28610",118961.7,-,-,-,-,-,-,-,-,-,-,-,23821.6,-,-,-,-,-,-,-,50141.3,19105.9,-,-,-,-,25892.9,-,-,-,x,-,x,-,x,-,-,-,-,-,-,-,-,-,-,
"C2862",726898.6,-,-,-,-,-,-,-,-,-,-,-,153151.0,-,-,-,-,-,-,-,209428.3,206781.8,22435.3,-,-,-,135102.2,x,x,x,x,x,37727.7,x,19724.4,-,-,-,-,-,-,-,-,-,-,
"C28620",726898.6,-,-,-,-,-,-,-,-,-,-,-,153151.0,-,-,-,-,-,-,-,209428.3,206781.8,22435.3,-,-,-,135102.2,x,x,x,x,x,37727.7,x,19724.4,-,-,-,-,-,-,-,-,-,-,
"C2863",502054.5,-,-,-,-,-,-,-,-,-,-,-,100852.5,-,-,-,-,-,-,-,100274.2,101294.9,102407.3,-,-,-,97225.6,x,x,-,41133.8,x,x,x,x,-,-,-,-,-,-,-,-,-,-,
"C28630",502054.5,-,-,-,-,-,-,-,-,-,-,-,100852.5,-,-,-,-,-,-,-,100274.2,101294.9,102407.3,-,-,-,97225.6,x,x,-,41133.8,x,x,x,x,-,-,-,-,-,-,-,-,-,-,
"C287",3626378.6,-,-,-,-,-,-,-,-,-,-,-,x,x,-,-,-,-,-,-,734346.9,718876.3,x,361575.3,139325.7,x,851887.5,68059.6,50132.1,68365.3,148177.1,131174.5,236055.9,81633.1,68289.9,-,-,-,-,-,-,-,-,-,-,
"C2871",274545.3,-,-,-,-,-,-,-,-,-,-,-,x,-,-,-,-,-,-,-,60950.6,48767.1,x,22924.5,-,-,45350.0,x,-,-,7653.8,9.9,x,x,x,-,-,-,-,-,-,-,-,-,-,
"C28710",274545.3,-,-,-,-,-,-,-,-,-,-,-,x,-,-,-,-,-,-,-,60950.6,48767.1,x,22924.5,-,-,45350.0,x,-,-,7653.8,9.9,x,x,x,-,-,-,-,-,-,-,-,-,-,
"C2872",843855.4,-,-,-,-,-,-,-,-,-,-,-,23017.5,150324.7,-,-,-,-,-,-,169208.9,166864.9,-,172994.4,-,-,161445.0,22704.0,x,29851.8,x,x,x,x,-,-,-,-,-,-,-,-,-,-,-,
"C28720",843855.4,-,-,-,-,-,-,-,-,-,-,-,23017.5,150324.7,-,-,-,-,-,-,169208.9,166864.9,-,172994.4,-,-,161445.0,22704.0,x,29851.8,x,x,x,x,-,-,-,-,-,-,-,-,-,-,-,
"C2873",553660.1,-,-,-,-,-,-,-,-,-,-,-,-,117117.1,-,-,-,-,-,-,120111.0,108299.0,-,113130.3,-,-,95002.7,-,x,3685.6,37254.3,x,x,x,x,-,-,-,-,-,-,-,-,-,-,
"C28730",553660.1,-,-,-,-,-,-,-,-,-,-,-,-,117117.1,-,-,-,-,-,-,120111.0,108299.0,-,113130.3,-,-,95002.7,-,x,3685.6,37254.3,x,x,x,x,-,-,-,-,-,-,-,-,-,-,
"C2874",295513.7,-,-,-,-,-,-,-,-,-,-,-,-,58796.1,-,-,-,-,-,-,66654.9,55529.8,-,52526.1,7942.1,-,54064.7,x,-,-,x,20431.4,x,x,-,-,-,-,-,-,-,-,-,-,-,
"C28740",295513.7,-,-,-,-,-,-,-,-,-,-,-,-,58796.1,-,-,-,-,-,-,66654.9,55529.8,-,52526.1,7942.1,-,54064.7,x,-,-,x,20431.4,x,x,-,-,-,-,-,-,-,-,-,-,-,
"C2875",1658804.1,-,-,-,-,-,-,-,-,-,-,-,-,x,-,-,-,-,-,-,317421.5,339415.5,-,-,131383.6,x,496025.1,34687.8,18007.6,34827.9,95940.0,89205.1,144179.2,49750.7,29426.8,-,-,-,-,-,-,-,-,-,-,
"C28750",1658804.1,-,-,-,-,-,-,-,-,-,-,-,-,x,-,-,-,-,-,-,317421.5,339415.5,-,-,131383.6,x,496025.1,34687.8,18007.6,34827.9,95940.0,89205.1,144179.2,49750.7,29426.8,-,-,-,-,-,-,-,-,-,-,
"C29",18838268.8,3118128.7,486276.6,431784.2,336910.7,303680.9,557978.0,509908.3,239320.4,252269.6,-,12866.7,-,2782481.1,1069153.9,-,-,-,x,-,908153.5,4132110.8,2459122.7,x,x,-,3854732.9,363773.7,195925.1,397510.5,731133.0,418960.1,1074729.9,272312.4,400388.2,x,233203.5,219081.2,13255.5,-,47430.5,90864.9,48479.1,19051.2,-,
"C290",211469.0,-,-,-,-,-,-,-,-,-,-,-,-,-,-,-,-,-,-,-,211469.0,-,-,-,-,-,-,-,-,-,-,-,-,-,-,-,-,-,-,-,-,-,-,-,-,
"C2900",211469.0,-,-,-,-,-,-,-,-,-,-,-,-,-,-,-,-,-,-,-,211469.0,-,-,-,-,-,-,-,-,-,-,-,-,-,-,-,-,-,-,-,-,-,-,-,-,
"C29000",211469.0,-,-,-,-,-,-,-,-,-,-,-,-,-,-,-,-,-,-,-,211469.0,-,-,-,-,-,-,-,-,-,-,-,-,-,-,-,-,-,-,-,-,-,-,-,-,
"C291",3135130.0,-,-,-,-,-,-,-,-,-,-,-,-,647384.3,-,-,-,-,x,-,x,630194.6,-,x,x,-,878966.7,134818.6,51882.9,67501.3,146378.3,98431.0,291179.9,55524.1,33250.6,x,233203.5,x,x,-,x,43951.6,8204.0,x,-,
"C2911",844967.0,-,-,-,-,-,-,-,-,-,-,-,-,180424.6,-,-,-,-,-,-,165576.6,175968.1,-,-,-,-,322997.7,61146.6,4205.1,51469.5,46358.5,22838.6,128229.4,5018.0,3732.0,-,-,-,-,-,-,-,-,-,-,
"C29110",844967.0,-,-,-,-,-,-,-,-,-,-,-,-,180424.6,-,-,-,-,-,-,165576.6,175968.1,-,-,-,-,322997.7,61146.6,4205.1,51469.5,46358.5,22838.6,128229.4,5018.0,3732.0,-,-,-,-,-,-,-,-,-,-,
"C2912",1461816.8,-,-,-,-,-,-,-,-,-,-,-,-,305955.5,-,-,-,-,x,-,269902.4,295311.1,-,x,x,-,383805.9,50742.2,10621.0,10713.3,81882.5,69085.9,138868.8,9981.4,11910.8,x,157608.1,-,-,-,-,-,-,-,-,
"C29120",1461816.8,-,-,-,-,-,-,-,-,-,-,-,-,305955.5,-,-,-,-,x,-,269902.4,295311.1,-,x,x,-,383805.9,50742.2,10621.0,10713.3,81882.5,69085.9,138868.8,9981.4,11910.8,x,157608.1,-,-,-,-,-,-,-,-,
"C2913",394641.5,-,-,-,-,-,-,-,-,-,-,-,-,75875.0,-,-,-,-,-,-,x,x,-,-,-,-,97455.0,17190.9,3663.0,x,14452.3,x,12312.8,24805.7,x,-,75595.4,x,-,-,-,-,-,x,-,
"C29130",394641.5,-,-,-,-,-,-,-,-,-,-,-,-,75875.0,-,-,-,-,-,-,x,x,-,-,-,-,97455.0,17190.9,3663.0,x,14452.3,x,12312.8,24805.7,x,-,75595.4,x,-,-,-,-,-,x,-,
"C2914",433704.7,-,-,-,-,-,-,-,-,-,-,-,-,85129.2,-,-,-,-,-,-,95009.3,x,-,-,-,-,74708.1,5738.9,33393.8,x,3685.0,x,11768.9,15719.0,x,-,-,x,x,-,x,43951.6,8204.0,x,-,
"C29140",433704.7,-,-,-,-,-,-,-,-,-,-,-,-,85129.2,-,-,-,-,-,-,95009.3,x,-,-,-,-,74708.1,5738.9,33393.8,x,3685.0,x,11768.9,15719.0,x,-,-,x,x,-,x,43951.6,8204.0,x,-,
"C292",7210034.8,1402177.7,263299.6,154956.4,133039.5,163656.1,262103.6,199488.0,121746.2,103888.3,-,12866.7,-,1502702.0,-,-,-,-,-,-,x,2395484.0,313560.2,-,-,-,1363625.6,137766.3,55733.7,156533.9,243238.1,149521.2,371081.9,95220.3,154530.2,-,-,x,x,-,x,46913.3,40275.1,x,-,
"C2921",303430.0,-,-,-,-,-,-,-,-,-,-,-,-,71670.3,-,-,-,-,-,-,55573.5,61466.1,-,-,-,-,47322.1,x,x,x,8530.5,x,19645.8,4746.6,-,-,-,67398.0,x,-,x,38620.4,17000.2,x,-,
"C29210",303430.0,-,-,-,-,-,-,-,-,-,-,-,-,71670.3,-,-,-,-,-,-,55573.5,61466.1,-,-,-,-,47322.1,x,x,x,8530.5,x,19645.8,4746.6,-,-,-,67398.0,x,-,x,38620.4,17000.2,x,-,
"C2922",2360919.4,410819.8,82082.8,49095.7,34483.8,49268.8,62185.7,85789.9,34178.5,13734.6,-,12866.7,-,471148.6,-,-,-,-,-,-,x,890569.6,-,-,-,-,478867.6,45578.7,17055.0,24841.9,91421.4,44399.0,157994.5,33441.7,64135.4,-,-,x,x,-,x,8292.9,23274.9,-,-,
"C29220",2360919.4,410819.8,82082.8,49095.7,34483.8,49268.8,62185.7,85789.9,34178.5,13734.6,-,12866.7,-,471148.6,-,-,-,-,-,-,x,890569.6,-,-,-,-,478867.6,45578.7,17055.0,24841.9,91421.4,44399.0,157994.5,33441.7,64135.4,-,-,x,x,-,x,8292.9,23274.9,-,-,
"C2923",2180836.3,461892.4,77178.7,55021.0,29296.0,37095.3,91199.6,74314.2,43460.9,54326.7,-,-,-,460867.5,-,-,-,-,-,-,-,849342.7,-,-,-,-,408733.7,43300.5,12025.8,79763.8,75044.8,72751.2,78205.1,28674.4,18968.1,-,-,-,-,-,-,-,-,-,-,
"C29230",2180836.3,461892.4,77178.7,55021.0,29296.0,37095.3,91199.6,74314.2,43460.9,54326.7,-,-,-,460867.5,-,-,-,-,-,-,-,849342.7,-,-,-,-,408733.7,43300.5,12025.8,79763.8,75044.8,72751.2,78205.1,28674.4,18968.1,-,-,-,-,-,-,-,-,-,-,
"C2924",2364849.1,529465.5,104038.1,50839.7,69259.7,77292.0,108718.3,39383.9,44106.8,35827.0,-,-,-,499015.6,-,-,-,-,-,-,-,594105.6,313560.2,-,-,-,428702.2,x,x,x,68241.4,x,115236.5,28357.6,71426.7,-,-,-,-,-,-,-,-,-,-,
"C29240",2364849.1,529465.5,104038.1,50839.7,69259.7,77292.0,108718.3,39383.9,44106.8,35827.0,-,-,-,499015.6,-,-,-,-,-,-,-,594105.6,313560.2,-,-,-,428702.2,x,x,x,68241.4,x,115236.5,28357.6,71426.7,-,-,-,-,-,-,-,-,-,-,
"C293",1370305.5,282991.4,41481.8,41585.1,62024.7,31241.3,38159.4,21674.6,35561.3,11263.2,-,-,-,279368.0,-,-,-,-,-,-,-,283614.2,278324.3,-,-,-,246007.6,13844.1,14527.5,26142.7,42218.6,67821.9,30394.8,5874.0,45184.0,-,-,-,-,-,-,-,-,-,-,
"C2931",8009.1,-,-,-,-,-,-,-,-,-,-,-,-,1983.3,-,-,-,-,-,-,-,1831.5,2135.1,-,-,-,2059.2,-,-,-,-,-,-,2059.2,-,-,-,-,-,-,-,-,-,-,-,
"C29310",8009.1,-,-,-,-,-,-,-,-,-,-,-,-,1983.3,-,-,-,-,-,-,-,1831.5,2135.1,-,-,-,2059.2,-,-,-,-,-,-,2059.2,-,-,-,-,-,-,-,-,-,-,-,
"C2932",1362296.4,282991.4,41481.8,41585.1,62024.7,31241.3,38159.4,21674.6,35561.3,11263.2,-,-,-,277384.7,-,-,-,-,-,-,-,281782.7,276189.2,-,-,-,243948.4,13844.1,14527.5,26142.7,42218.6,67821.9,30394.8,3814.8,45184.0,-,-,-,-,-,-,-,-,-,-,
"C29320",1362296.4,282991.4,41481.8,41585.1,62024.7,31241.3,38159.4,21674.6,35561.3,11263.2,-,-,-,277384.7,-,-,-,-,-,-,-,281782.7,276189.2,-,-,-,243948.4,13844.1,14527.5,26142.7,42218.6,67821.9,30394.8,3814.8,45184.0,-,-,-,-,-,-,-,-,-,-,
"C294",716748.9,150437.5,10922.3,x,19982.6,x,x,38419.5,x,15751.5,-,-,-,149595.3,-,-,-,-,-,-,-,149180.8,131531.3,-,-,-,136004.0,4818.0,5936.7,10694.2,24279.6,2750.7,44430.3,18441.3,24653.2,-,-,-,-,-,-,-,-,-,-,
"C2940",716748.9,150437.5,10922.3,x,19982.6,x,x,38419.5,x,15751.5,-,-,-,149595.3,-,-,-,-,-,-,-,149180.8,131531.3,-,-,-,136004.0,4818.0,5936.7,10694.2,24279.6,2750.7,44430.3,18441.3,24653.2,-,-,-,-,-,-,-,-,-,-,
"C29400",716748.9,150437.5,10922.3,x,19982.6,x,x,38419.5,x,15751.5,-,-,-,149595.3,-,-,-,-,-,-,-,149180.8,131531.3,-,-,-,136004.0,4818.0,5936.7,10694.2,24279.6,2750.7,44430.3,18441.3,24653.2,-,-,-,-,-,-,-,-,-,-,
"C295",5316596.5,1078589.9,170458.5,178544.6,109570.1,88093.9,146409.6,199771.7,64374.9,121366.6,-,-,-,203431.5,892661.4,-,-,-,-,-,-,673637.2,1367386.0,-,-,-,1100890.5,58369.7,60927.5,128497.3,264751.3,90670.6,287404.7,90912.7,119356.7,-,-,-,-,-,-,-,-,-,-,
"C2951",2296.6,-,-,-,-,-,-,-,-,-,-,-,-,-,-,-,-,-,-,-,-,-,-,-,-,-,2296.6,-,-,-,2296.6,-,-,-,-,-,-,-,-,-,-,-,-,-,-,
"C29510",2296.6,-,-,-,-,-,-,-,-,-,-,-,-,-,-,-,-,-,-,-,-,-,-,-,-,-,2296.6,-,-,-,2296.6,-,-,-,-,-,-,-,-,-,-,-,-,-,-,
"C2952",595810.0,123052.3,27499.1,11354.4,x,x,x,13669.9,x,x,-,-,-,119377.2,-,-,-,-,-,-,-,118995.3,116647.3,-,-,-,117737.9,x,x,17868.4,22535.1,x,15067.0,15357.6,20116.6,-,-,-,-,-,-,-,-,-,-,
"C29520",595810.0,123052.3,27499.1,11354.4,x,x,x,13669.9,x,x,-,-,-,119377.2,-,-,-,-,-,-,-,118995.3,116647.3,-,-,-,117737.9,x,x,17868.4,22535.1,x,15067.0,15357.6,20116.6,-,-,-,-,-,-,-,-,-,-,
"C2953",2213262.1,450688.3,45306.0,105242.4,58774.0,25669.1,55400.7,60137.6,32975.4,67183.1,-,-,-,84054.3,365139.6,-,-,-,-,-,-,426673.9,442782.2,-,-,-,443923.8,28235.5,22905.2,52129.0,147195.7,17980.7,107377.1,33525.4,34575.2,-,-,-,-,-,-,-,-,-,-,
"C29530",2213262.1,450688.3,45306.0,105242.4,58774.0,25669.1,55400.7,60137.6,32975.4,67183.1,-,-,-,84054.3,365139.6,-,-,-,-,-,-,426673.9,442782.2,-,-,-,443923.8,28235.5,22905.2,52129.0,147195.7,17980.7,107377.1,33525.4,34575.2,-,-,-,-,-,-,-,-,-,-,
"C2954",692932.0,164151.8,52378.7,23965.6,x,x,22227.7,45610.4,x,x,-,-,-,-,141744.5,-,-,-,-,-,-,123169.8,130302.8,-,-,-,133563.1,x,x,8966.1,x,x,44979.0,x,x,-,-,-,-,-,-,-,-,-,-,
"C29540",692932.0,164151.8,52378.7,23965.6,x,x,22227.7,45610.4,x,x,-,-,-,-,141744.5,-,-,-,-,-,-,123169.8,130302.8,-,-,-,133563.1,x,x,8966.1,x,x,44979.0,x,x,-,-,-,-,-,-,-,-,-,-,
"C2955",71379.6,17196.5,-,4140.4,x,2656.7,x,-,x,x,-,-,-,-,17449.5,-,-,-,-,-,-,4798.2,22115.0,-,-,-,9820.4,-,x,-,x,x,-,x,x,-,-,-,-,-,-,-,-,-,-,
"C29550",71379.6,17196.5,-,4140.4,x,2656.7,x,-,x,x,-,-,-,-,17449.5,-,-,-,-,-,-,4798.2,22115.0,-,-,-,9820.4,-,x,-,x,x,-,x,x,-,-,-,-,-,-,-,-,-,-,
"C2956",1740916.2,323501.0,45274.7,33841.8,18038.3,46198.1,53220.4,80353.8,15636.5,30937.4,-,-,-,-,368327.8,-,-,-,-,-,-,-,655538.7,-,-,-,393548.7,19712.1,32521.7,49533.8,72871.1,30550.4,119981.6,21997.4,46380.6,-,-,-,-,-,-,-,-,-,-,
"C29560",1740916.2,323501.0,45274.7,33841.8,18038.3,46198.1,53220.4,80353.8,15636.5,30937.4,-,-,-,-,368327.8,-,-,-,-,-,-,-,655538.7,-,-,-,393548.7,19712.1,32521.7,49533.8,72871.1,30550.4,119981.6,21997.4,46380.6,-,-,-,-,-,-,-,-,-,-,
"C296",189747.8,x,-,x,-,-,x,-,-,-,-,-,-,-,40803.4,-,-,-,-,-,-,-,82112.8,-,-,-,x,-,-,-,x,-,x,-,-,-,-,-,-,-,-,-,-,-,-,
"C2960",189747.8,x,-,x,-,-,x,-,-,-,-,-,-,-,40803.4,-,-,-,-,-,-,-,82112.8,-,-,-,x,-,-,-,x,-,x,-,-,-,-,-,-,-,-,-,-,-,-,
"C29600",189747.8,x,-,x,-,-,x,-,-,-,-,-,-,-,40803.4,-,-,-,-,-,-,-,82112.8,-,-,-,x,-,-,-,x,-,x,-,-,-,-,-,-,-,-,-,-,-,-,
"C297",688236.3,x,114.4,x,12293.8,x,50153.2,50554.5,x,-,-,-,-,-,135689.1,-,-,-,-,-,-,-,286208.1,-,-,-,x,14157.0,6916.8,8141.1,x,9764.7,x,6340.0,23413.5,-,-,-,-,-,-,-,-,-,-,
"C2971",275498.1,x,-,x,10408.2,x,8283.0,20581.5,x,-,-,-,-,-,58332.4,-,-,-,-,-,-,-,110311.7,-,-,-,x,10187.1,6916.8,4943.4,-,-,x,-,10256.4,-,-,-,-,-,-,-,-,-,-,
"C29710",275498.1,x,-,x,10408.2,x,8283.0,20581.5,x,-,-,-,-,-,58332.4,-,-,-,-,-,-,-,110311.7,-,-,-,x,10187.1,6916.8,4943.4,-,-,x,-,10256.4,-,-,-,-,-,-,-,-,-,-,
"C2972",412738.2,95729.6,114.4,21886.4,1885.6,-,41870.2,29973.0,-,-,-,-,-,-,77356.7,-,-,-,-,-,-,-,175896.4,-,-,-,63755.5,3969.9,-,3197.7,x,9764.7,x,6340.0,13157.1,-,-,-,-,-,-,-,-,-,-,
"C29720",412738.2,95729.6,114.4,21886.4,1885.6,-,41870.2,29973.0,-,-,-,-,-,-,77356.7,-,-,-,-,-,-,-,175896.4,-,-,-,63755.5,3969.9,-,3197.7,x,9764.7,x,6340.0,13157.1,-,-,-,-,-,-,-,-,-,-,
"C30",x,x,22397.1,111734.8,x,22061.6,2256.5,9791.7,x,32243.7,-,-,-,-,432998.3,-,-,-,-,-,-,-,613963.5,-,-,-,x,10497.1,-,x,93931.5,x,x,x,x,-,-,-,-,-,-,-,-,-,-,
"C300",x,x,22397.1,111734.8,x,22061.6,2256.5,9791.7,x,32243.7,-,-,-,-,432998.3,-,-,-,-,-,-,-,613963.5,-,-,-,x,10497.1,-,x,93931.5,x,x,x,x,-,-,-,-,-,-,-,-,-,-,
"C3000",59715.9,-,-,-,-,-,-,-,-,-,-,-,-,-,-,-,-,-,-,-,-,-,59715.9,-,-,-,-,-,-,-,-,-,-,-,-,-,-,-,-,-,-,-,-,-,-,
"C30000",59715.9,-,-,-,-,-,-,-,-,-,-,-,-,-,-,-,-,-,-,-,-,-,59715.9,-,-,-,-,-,-,-,-,-,-,-,-,-,-,-,-,-,-,-,-,-,-,
"C3001",x,x,-,95766.1,-,2644.4,-,-,x,x,-,-,-,-,195740.7,-,-,-,-,-,-,-,303190.2,-,-,-,x,-,-,x,x,x,x,-,-,-,-,-,-,-,-,-,-,-,-,
"C30010",x,x,-,95766.1,-,2644.4,-,-,x,x,-,-,-,-,195740.7,-,-,-,-,-,-,-,303190.2,-,-,-,x,-,-,x,x,x,x,-,-,-,-,-,-,-,-,-,-,-,-,
"C3002",654786.9,102224.5,22397.1,15968.7,x,19417.2,2256.5,9791.7,x,x,-,-,-,-,237257.6,-,-,-,-,-,-,-,251057.4,-,-,-,64247.4,10497.1,-,-,x,x,x,x,x,-,-,-,-,-,-,-,-,-,-,
"C30020",654786.9,102224.5,22397.1,15968.7,x,19417.2,2256.5,9791.7,x,x,-,-,-,-,237257.6,-,-,-,-,-,-,-,251057.4,-,-,-,64247.4,10497.1,-,-,x,x,x,x,x,-,-,-,-,-,-,-,-,-,-,
"C31",x,x,x,x,89081.8,142877.3,145122.5,x,68628.6,72485.6,-,-,-,-,964580.2,58784.6,-,-,-,-,-,-,1843512.2,-,-,-,905536.4,63460.4,14504.8,29682.1,214223.8,104793.7,364789.9,12595.4,101486.3,-,-,-,-,-,-,-,-,-,-,
"C310",48444.7,-,-,-,-,-,-,-,-,-,-,-,-,-,-,-,-,-,-,-,-,-,48444.7,-,-,-,-,-,-,-,-,-,-,-,-,-,-,-,-,-,-,-,-,-,-,
"C3100",48444.7,-,-,-,-,-,-,-,-,-,-,-,-,-,-,-,-,-,-,-,-,-,48444.7,-,-,-,-,-,-,-,-,-,-,-,-,-,-,-,-,-,-,-,-,-,-,
"C31000",48444.7,-,-,-,-,-,-,-,-,-,-,-,-,-,-,-,-,-,-,-,-,-,48444.7,-,-,-,-,-,-,-,-,-,-,-,-,-,-,-,-,-,-,-,-,-,-,
"C311",979091.9,208047.7,17521.6,18645.0,18852.0,42151.7,49892.9,21496.2,25778.5,13709.8,-,-,-,-,220225.0,-,-,-,-,-,-,-,400495.4,-,-,-,150323.8,11083.6,8277.6,x,25256.1,x,26354.5,x,42812.8,-,-,-,-,-,-,-,-,-,-,
"C3110",979091.9,208047.7,17521.6,18645.0,18852.0,42151.7,49892.9,21496.2,25778.5,13709.8,-,-,-,-,220225.0,-,-,-,-,-,-,-,400495.4,-,-,-,150323.8,11083.6,8277.6,x,25256.1,x,26354.5,x,42812.8,-,-,-,-,-,-,-,-,-,-,
"C31100",979091.9,208047.7,17521.6,18645.0,18852.0,42151.7,49892.9,21496.2,25778.5,13709.8,-,-,-,-,220225.0,-,-,-,-,-,-,-,400495.4,-,-,-,150323.8,11083.6,8277.6,x,25256.1,x,26354.5,x,42812.8,-,-,-,-,-,-,-,-,-,-,
"C312",x,x,6340.0,x,10101.5,58425.4,x,x,x,x,-,-,-,-,290359.3,-,-,-,-,-,-,-,531610.0,-,-,-,341577.9,x,-,x,95448.6,x,205240.7,-,29229.7,-,-,-,-,-,-,-,-,-,-,
"C3120",x,x,6340.0,x,10101.5,58425.4,x,x,x,x,-,-,-,-,290359.3,-,-,-,-,-,-,-,531610.0,-,-,-,341577.9,x,-,x,95448.6,x,205240.7,-,29229.7,-,-,-,-,-,-,-,-,-,-,
"C31200",x,x,6340.0,x,10101.5,58425.4,x,x,x,x,-,-,-,-,290359.3,-,-,-,-,-,-,-,531610.0,-,-,-,341577.9,x,-,x,95448.6,x,205240.7,-,29229.7,-,-,-,-,-,-,-,-,-,-,
"C313",655353.6,129618.4,20884.2,x,x,-,36060.3,26603.3,x,-,-,-,-,-,129273.4,-,-,-,-,-,-,-,273145.1,-,-,-,123316.7,x,-,-,33903.1,x,53992.2,-,x,-,-,-,-,-,-,-,-,-,-,
"C3130",655353.6,129618.4,20884.2,x,x,-,36060.3,26603.3,x,-,-,-,-,-,129273.4,-,-,-,-,-,-,-,273145.1,-,-,-,123316.7,x,-,-,33903.1,x,53992.2,-,x,-,-,-,-,-,-,-,-,-,-,
"C31300",655353.6,129618.4,20884.2,x,x,-,36060.3,26603.3,x,-,-,-,-,-,129273.4,-,-,-,-,-,-,-,273145.1,-,-,-,123316.7,x,-,-,33903.1,x,53992.2,-,x,-,-,-,-,-,-,-,-,-,-,
"C314",58981.3,11885.4,x,313.5,4423.1,1072.5,x,x,396.0,569.8,-,-,-,-,12098.8,-,-,-,-,-,-,-,23542.3,-,-,-,11454.8,-,399.1,x,4299.3,x,399.1,-,x,-,-,-,-,-,-,-,-,-,-,
"C3140",58981.3,11885.4,x,313.5,4423.1,1072.5,x,x,396.0,569.8,-,-,-,-,12098.8,-,-,-,-,-,-,-,23542.3,-,-,-,11454.8,-,399.1,x,4299.3,x,399.1,-,x,-,-,-,-,-,-,-,-,-,-,
"C31400",58981.3,11885.4,x,313.5,4423.1,1072.5,x,x,396.0,569.8,-,-,-,-,12098.8,-,-,-,-,-,-,-,23542.3,-,-,-,11454.8,-,399.1,x,4299.3,x,399.1,-,x,-,-,-,-,-,-,-,-,-,-,
"C315",485741.3,112370.7,39476.8,x,x,19266.2,10378.1,23530.6,11398.6,x,-,-,-,-,109947.6,-,-,-,-,-,-,-,180969.1,-,-,-,82453.9,5165.6,3349.5,10829.5,17141.7,16193.1,26474.8,-,3299.7,-,-,-,-,-,-,-,-,-,-,
"C3150",485741.3,112370.7,39476.8,x,x,19266.2,10378.1,23530.6,11398.6,x,-,-,-,-,109947.6,-,-,-,-,-,-,-,180969.1,-,-,-,82453.9,5165.6,3349.5,10829.5,17141.7,16193.1,26474.8,-,3299.7,-,-,-,-,-,-,-,-,-,-,
"C31500",485741.3,112370.7,39476.8,x,x,19266.2,10378.1,23530.6,11398.6,x,-,-,-,-,109947.6,-,-,-,-,-,-,-,180969.1,-,-,-,82453.9,5165.6,3349.5,10829.5,17141.7,16193.1,26474.8,-,3299.7,-,-,-,-,-,-,-,-,-,-,
"C316",1082418.5,239242.9,23202.3,75425.0,48417.3,21961.5,33097.0,22148.3,-,14991.5,-,-,-,-,202676.1,58784.6,-,-,-,-,-,-,385305.6,-,-,-,196409.3,37928.3,2478.6,x,38175.0,x,52328.6,x,x,-,-,-,-,-,-,-,-,-,-,
"C3160",11049.2,x,-,-,-,x,-,-,-,-,-,-,-,-,x,-,-,-,-,-,-,-,x,-,-,-,-,-,-,-,-,-,-,-,-,-,-,-,-,-,-,-,-,-,-,
"C31600",11049.2,x,-,-,-,x,-,-,-,-,-,-,-,-,x,-,-,-,-,-,-,-,x,-,-,-,-,-,-,-,-,-,-,-,-,-,-,-,-,-,-,-,-,-,-,
"C3161",127332.2,x,-,x,25067.6,-,-,x,-,-,-,-,-,-,x,-,-,-,-,-,-,-,x,-,-,-,x,-,-,-,-,x,-,-,x,-,-,-,-,-,-,-,-,-,-,
"C31610",127332.2,x,-,x,25067.6,-,-,x,-,-,-,-,-,-,x,-,-,-,-,-,-,-,x,-,-,-,x,-,-,-,-,x,-,-,x,-,-,-,-,-,-,-,-,-,-,
"C3162",944037.1,x,23202.3,x,23349.7,x,33097.0,x,-,14991.5,-,-,-,-,170601.9,58784.6,-,-,-,-,-,-,326070.4,-,-,-,x,37928.3,2478.6,x,38175.0,x,52328.6,x,x,-,-,-,-,-,-,-,-,-,-,
"C31620",944037.1,x,23202.3,x,23349.7,x,33097.0,x,-,14991.5,-,-,-,-,170601.9,58784.6,-,-,-,-,-,-,326070.4,-,-,-,x,37928.3,2478.6,x,38175.0,x,52328.6,x,x,-,-,-,-,-,-,-,-,-,-,
"C32",134783257.1,x,x,380102.9,206084.6,270864.8,275544.1,294999.6,108216.6,157386.8,-,-,-,-,-,x,-,-,-,-,-,-,x,x,-,-,x,131559.5,155751.2,249441.0,177903.1,16955.4,396080.7,112492.8,x,-,-,-,-,-,-,-,-,-,-,
"C320",13889.3,-,-,-,-,-,-,-,-,-,-,-,-,-,-,-,-,-,-,-,-,-,13889.3,-,-,-,-,-,-,-,-,-,-,-,-,-,-,-,-,-,-,-,-,-,-,
"C3200",13889.3,-,-,-,-,-,-,-,-,-,-,-,-,-,-,-,-,-,-,-,-,-,13889.3,-,-,-,-,-,-,-,-,-,-,-,-,-,-,-,-,-,-,-,-,-,-,
"C32000",13889.3,-,-,-,-,-,-,-,-,-,-,-,-,-,-,-,-,-,-,-,-,-,13889.3,-,-,-,-,-,-,-,-,-,-,-,-,-,-,-,-,-,-,-,-,-,-,
"C321",467240.8,85436.4,x,4392.9,x,7134.5,47785.2,14010.0,-,x,-,-,-,-,-,112339.3,-,-,-,-,-,-,178113.2,-,-,-,91351.9,x,x,9311.1,11550.6,9345.6,x,-,35057.3,-,-,-,-,-,-,-,-,-,-,
"C3210",467240.8,85436.4,x,4392.9,x,7134.5,47785.2,14010.0,-,x,-,-,-,-,-,112339.3,-,-,-,-,-,-,178113.2,-,-,-,91351.9,x,x,9311.1,11550.6,9345.6,x,-,35057.3,-,-,-,-,-,-,-,-,-,-,
"C32100",467240.8,85436.4,x,4392.9,x,7134.5,47785.2,14010.0,-,x,-,-,-,-,-,112339.3,-,-,-,-,-,-,178113.2,-,-,-,91351.9,x,x,9311.1,11550.6,9345.6,x,-,35057.3,-,-,-,-,-,-,-,-,-,-,
"C322",1590033.5,327344.1,3707.0,97883.5,102109.1,3847.1,14637.0,21451.5,-,83708.9,-,-,-,-,-,332023.1,-,-,-,-,-,-,629565.7,-,-,-,301100.6,x,-,7024.6,16610.0,x,x,83250.2,x,-,-,-,-,-,-,-,-,-,-,
"C3220",1590033.5,327344.1,3707.0,97883.5,102109.1,3847.1,14637.0,21451.5,-,83708.9,-,-,-,-,-,332023.1,-,-,-,-,-,-,629565.7,-,-,-,301100.6,x,-,7024.6,16610.0,x,x,83250.2,x,-,-,-,-,-,-,-,-,-,-,
"C32200",1590033.5,327344.1,3707.0,97883.5,102109.1,3847.1,14637.0,21451.5,-,83708.9,-,-,-,-,-,332023.1,-,-,-,-,-,-,629565.7,-,-,-,301100.6,x,-,7024.6,16610.0,x,x,83250.2,x,-,-,-,-,-,-,-,-,-,-,
"C323",132712093.5,x,x,277826.5,x,259883.2,213121.9,259538.1,108216.6,x,-,-,-,-,-,x,-,-,-,-,-,-,x,x,-,-,x,x,x,233105.3,149742.5,x,247796.9,29242.6,x,-,-,-,-,-,-,-,-,-,-,
"C3230",132712093.5,x,x,277826.5,x,259883.2,213121.9,259538.1,108216.6,x,-,-,-,-,-,x,-,-,-,-,-,-,x,x,-,-,x,x,x,233105.3,149742.5,x,247796.9,29242.6,x,-,-,-,-,-,-,-,-,-,-,
"C32300",132712093.5,x,x,277826.5,x,259883.2,213121.9,259538.1,108216.6,x,-,-,-,-,-,x,-,-,-,-,-,-,x,x,-,-,x,x,x,233105.3,149742.5,x,247796.9,29242.6,x,-,-,-,-,-,-,-,-,-,-,
"C33",10684624.7,x,136805.3,138702.2,54941.0,70497.8,133958.0,157082.4,74698.6,x,-,-,-,-,-,1075269.4,-,-,-,-,-,-,x,6027761.5,-,-,884825.3,28907.7,150300.4,75819.1,297641.5,52804.2,162623.2,46209.6,70519.6,-,-,-,-,-,-,-,-,-,-,
"C330",18026.5,-,-,-,-,-,-,-,-,-,-,-,-,-,-,-,-,-,-,-,-,-,-,18026.5,-,-,-,-,-,-,-,-,-,-,-,-,-,-,-,-,-,-,-,-,-,
"C3300",18026.5,-,-,-,-,-,-,-,-,-,-,-,-,-,-,-,-,-,-,-,-,-,-,18026.5,-,-,-,-,-,-,-,-,-,-,-,-,-,-,-,-,-,-,-,-,-,
"C33000",18026.5,-,-,-,-,-,-,-,-,-,-,-,-,-,-,-,-,-,-,-,-,-,-,18026.5,-,-,-,-,-,-,-,-,-,-,-,-,-,-,-,-,-,-,-,-,-,
"C331",1414570.6,242726.3,16930.4,24573.9,27638.0,44843.3,9311.5,21008.9,24060.2,74360.1,-,-,-,-,-,298735.8,-,-,-,-,-,-,305124.0,236397.9,-,-,331586.6,23453.9,10348.7,25353.2,124844.4,35170.2,63916.6,17223.0,31276.6,-,-,-,-,-,-,-,-,-,-,
"C3310",1414570.6,242726.3,16930.4,24573.9,27638.0,44843.3,9311.5,21008.9,24060.2,74360.1,-,-,-,-,-,298735.8,-,-,-,-,-,-,305124.0,236397.9,-,-,331586.6,23453.9,10348.7,25353.2,124844.4,35170.2,63916.6,17223.0,31276.6,-,-,-,-,-,-,-,-,-,-,
"C33101",336041.0,71276.5,13732.7,3605.0,17882.9,3097.0,3011.4,15397.3,13101.0,1449.2,-,-,-,-,-,65396.7,-,-,-,-,-,-,63917.1,73624.9,-,-,61825.8,7050.9,2040.3,5005.4,10625.0,8987.4,22571.7,2286.9,3258.2,-,-,-,-,-,-,-,-,-,-,
"C33102",1078529.6,171449.8,3197.7,20968.9,9755.1,41746.3,6300.1,5611.6,10959.2,72910.9,-,-,-,-,-,233339.1,-,-,-,-,-,-,241206.9,162773.0,-,-,269760.8,16403.0,8308.4,20347.8,114219.4,26182.8,41344.9,14936.1,28018.4,-,-,-,-,-,-,-,-,-,-,
"C332",8799807.2,x,100006.7,91591.5,23984.7,x,90606.9,x,48196.4,x,-,-,-,-,-,689940.8,-,-,-,-,-,-,x,5592261.9,-,-,x,5453.8,128806.5,50465.9,127396.2,x,96267.9,x,21015.9,-,-,-,-,-,-,-,-,-,-,
"C3320",8799807.2,x,100006.7,91591.5,23984.7,x,90606.9,x,48196.4,x,-,-,-,-,-,689940.8,-,-,-,-,-,-,x,5592261.9,-,-,x,5453.8,128806.5,50465.9,127396.2,x,96267.9,x,21015.9,-,-,-,-,-,-,-,-,-,-,
"C33200",8799807.2,x,100006.7,91591.5,23984.7,x,90606.9,x,48196.4,x,-,-,-,-,-,689940.8,-,-,-,-,-,-,x,5592261.9,-,-,x,5453.8,128806.5,50465.9,127396.2,x,96267.9,x,21015.9,-,-,-,-,-,-,-,-,-,-,
"C334",438786.0,97298.7,19868.2,22536.8,3318.3,x,34039.6,x,2442.0,x,-,-,-,-,-,x,-,-,-,-,-,-,-,174302.4,-,-,x,-,11145.2,-,x,x,2438.7,x,18227.1,-,-,-,-,-,-,-,-,-,-,
"C3340",438786.0,97298.7,19868.2,22536.8,3318.3,x,34039.6,x,2442.0,x,-,-,-,-,-,x,-,-,-,-,-,-,-,174302.4,-,-,x,-,11145.2,-,x,x,2438.7,x,18227.1,-,-,-,-,-,-,-,-,-,-,
"C33400",438786.0,97298.7,19868.2,22536.8,3318.3,x,34039.6,x,2442.0,x,-,-,-,-,-,x,-,-,-,-,-,-,-,174302.4,-,-,x,-,11145.2,-,x,x,2438.7,x,18227.1,-,-,-,-,-,-,-,-,-,-,
"C335",13434.4,x,-,-,-,-,-,x,-,-,-,-,-,-,-,x,-,-,-,-,-,-,-,6772.8,-,-,x,-,-,-,x,-,-,-,-,-,-,-,-,-,-,-,-,-,-,
"C3350",13434.4,x,-,-,-,-,-,x,-,-,-,-,-,-,-,x,-,-,-,-,-,-,-,6772.8,-,-,x,-,-,-,x,-,-,-,-,-,-,-,-,-,-,-,-,-,-,
"C33500",13434.4,x,-,-,-,-,-,x,-,-,-,-,-,-,-,x,-,-,-,-,-,-,-,6772.8,-,-,x,-,-,-,x,-,-,-,-,-,-,-,-,-,-,-,-,-,-,

